freq (Hz),x0 (mm),x1 (mm),x2 (mm),x3 (mm),y0 (mm),y1 (mm),y2 (mm),y3 (mm),sum_sii (dB),sum_sij (db)
3.4,-24.41,-75.01,24.41,24.41,-16.41,16.41,-16.41,16.41,-13.80529759,-179.9704482
3.4,-24.41,-75.01,24.41,24.41,-16.41,31.41,-16.41,16.41,-13.24281425,-192.9657036
3.4,-24.41,-75.01,24.41,24.41,-16.41,46.41,-16.41,16.41,-13.18035129,-197.2984039
3.4,-24.41,-75.01,24.41,24.41,-16.41,46.41,-16.41,16.41,-13.04204757,-200.775229
3.4,-24.41,-75.01,24.41,24.41,-16.41,106.41,-16.41,16.41,-13.61201216,-206.2286236
3.4,-24.41,-75.01,24.41,24.41,-16.41,121.41,-16.41,16.41,-13.27488895,-204.5582397
3.4,-24.41,-75.01,24.41,24.41,-16.41,131.41,-16.41,16.41,-13.05782838,-201.8589222
3.4,-24.41,-60.01,24.41,24.41,-16.41,16.41,-16.41,16.41,-13.14996527,-199.3912706
3.4,-24.41,-60.01,24.41,24.41,-16.41,31.41,-16.41,16.41,-13.02529104,-200.0893835
3.4,-24.41,-60.01,24.41,24.41,-16.41,46.41,-16.41,16.41,-13.4848612,-166.4329047
3.4,-24.41,-60.01,24.41,24.41,-16.41,61.41,-16.41,16.41,-13.80523155,-175.795757
3.4,-24.41,-60.01,24.41,24.41,-16.41,76.41,-16.41,16.41,-13.46638321,-181.1256556
3.4,-24.41,-60.01,24.41,24.41,-16.41,91.41,-16.41,16.41,-13.02480465,-186.5539503
3.4,-24.41,-60.01,24.41,24.41,-16.41,106.41,-16.41,16.41,-13.29902527,-189.6247777
3.4,-24.41,-60.01,24.41,24.41,-16.41,121.41,-16.41,16.41,-13.32269231,-191.0933292
3.4,-24.41,-60.01,24.41,24.41,-16.41,131.41,-16.41,16.41,-13.69510883,-189.283338
3.4,-24.41,-45.01,24.41,24.41,-16.41,16.41,-16.41,16.41,-13.26036511,-187.7954249
3.4,-24.41,-45.01,24.41,24.41,-16.41,31.41,-16.41,16.41,-12.70914131,-191.5996611
3.4,-24.41,-45.01,24.41,24.41,-16.41,46.41,-16.41,16.41,-13.35329372,-153.2003682
3.4,-24.41,-45.01,24.41,24.41,-16.41,61.41,-16.41,16.41,-13.71314284,-162.3023933
3.4,-24.41,-45.01,24.41,24.41,-16.41,76.41,-16.41,16.41,-13.25357869,-169.4357548
3.4,-24.41,-45.01,24.41,24.41,-16.41,91.41,-16.41,16.41,-13.79675451,-173.1394099
3.4,-24.41,-45.01,24.41,24.41,-16.41,106.41,-16.41,16.41,-13.6747652,-175.856132
3.4,-24.41,-45.01,24.41,24.41,-16.41,121.41,-16.41,16.41,-13.4826931,-179.0521553
3.4,-24.41,-45.01,24.41,24.41,-16.41,131.41,-16.41,16.41,-13.04038979,-183.7488066
3.4,-24.41,-30.01,24.41,24.41,-16.41,16.41,-16.41,16.41,-13.90587892,-178.9564783
3.4,-24.41,-30.01,24.41,24.41,-16.41,31.41,-16.41,16.41,-12.55532911,-184.3997115
3.4,-24.41,-30.01,24.41,24.41,-16.41,46.41,-16.41,16.41,-13.95423166,-136.7645103
3.4,-24.41,-30.01,24.41,24.41,-16.41,61.41,-16.41,16.41,-13.6481336,-150.257421
3.4,-24.41,-30.01,24.41,24.41,-16.41,76.41,-16.41,16.41,-13.10326628,-159.3990035
3.4,-24.41,-30.01,24.41,24.41,-16.41,91.41,-16.41,16.41,-13.33526189,-165.3184292
3.4,-24.41,-30.01,24.41,24.41,-16.41,106.41,-16.41,16.41,-13.21786542,-167.7099872
3.4,-24.41,-30.01,24.41,24.41,-16.41,121.41,-16.41,16.41,-13.1026444,-171.2551861
3.4,-24.41,-30.01,24.41,24.41,-16.41,131.41,-16.41,16.41,-13.56125434,-175.5042733
3.4,-24.41,-24.41,24.41,24.41,-16.41,16.41,-16.41,16.41,-13.60298597,-174.8453254
3.4,-24.41,-24.01,24.41,24.41,-16.41,16.41,-16.41,16.41,-12.75695916,-178.2967067
3.4,-24.41,-24.01,24.41,24.41,-16.41,31.41,-16.41,16.41,-12.9653974,-133.4966903
3.4,-24.41,-24.01,24.41,24.41,-16.41,46.41,-16.41,16.41,-14.30197974,-129.308351
3.4,-24.41,-24.01,24.41,24.41,-16.41,61.41,-16.41,16.41,-13.69146693,-145.0795567
3.4,-24.41,-24.01,24.41,24.41,-16.41,76.41,-16.41,16.41,-13.30068015,-154.7042035
3.4,-24.41,-24.01,24.41,24.41,-16.41,91.41,-16.41,16.41,-13.46756259,-161.5190663
3.4,-24.41,-24.01,24.41,24.41,-16.41,106.41,-16.41,16.41,-13.4931325,-163.6249696
3.4,-24.41,-24.01,24.41,24.41,-16.41,121.41,-16.41,16.41,-13.53143878,-166.877683
3.4,-24.41,-24.01,24.41,24.41,-16.41,131.41,-16.41,16.41,-13.1709292,-174.2140148
3.4,-24.41,-24.41,24.01,24.41,-16.41,16.41,-16.41,16.41,-13.6189487,-173.0850016
3.4,-24.41,-24.41,39.01,24.41,-16.41,16.41,-16.41,16.41,-12.65525077,-176.8891367
3.4,-24.41,-24.41,54.01,24.41,-16.41,16.41,-16.41,16.41,-13.6918929,-131.031039
3.4,-24.41,-24.41,69.01,24.41,-16.41,16.41,-16.41,16.41,-13.22542115,-146.4939544
3.4,-24.41,-24.41,75.01,24.41,-16.41,16.41,-16.41,16.41,-13.09743308,-160.6255786
3.4,-24.41,-24.41,24.01,24.41,-16.41,16.41,-131.41,16.41,-13.19125219,-174.2045616
3.4,-24.41,-24.41,39.01,24.41,-16.41,16.41,-131.41,16.41,-13.35668513,-180.2089174
3.4,-24.41,-24.41,54.01,24.41,-16.41,16.41,-131.41,16.41,-13.30569517,-174.7013651
3.4,-24.41,-24.41,69.01,24.41,-16.41,16.41,-131.41,16.41,-13.24719413,-179.8288811
3.4,-24.41,-24.41,75.01,24.41,-16.41,16.41,-131.41,16.41,-13.13949456,-186.9538286
3.4,-24.41,-24.41,24.01,24.41,-16.41,16.41,-116.41,16.41,-12.76144104,-197.7001924
3.4,-24.41,-24.41,39.01,24.41,-16.41,16.41,-116.41,16.41,-13.89334204,-198.2743307
3.4,-24.41,-24.41,54.01,24.41,-16.41,16.41,-116.41,16.41,-13.06458672,-176.7044091
3.4,-24.41,-24.41,69.01,24.41,-16.41,16.41,-116.41,16.41,-13.4373659,-180.6212447
3.4,-24.41,-24.41,75.01,24.41,-16.41,16.41,-116.41,16.41,-13.79777379,-185.6495149
3.4,-24.41,-24.41,24.01,24.41,-16.41,16.41,-101.41,16.41,-13.34569622,-195.7583078
3.4,-24.41,-24.41,39.01,24.41,-16.41,16.41,-101.41,16.41,-13.27867932,-200.7446245
3.4,-24.41,-24.41,54.01,24.41,-16.41,16.41,-101.41,16.41,-13.20483871,-172.4449669
3.4,-24.41,-24.41,69.01,24.41,-16.41,16.41,-101.41,16.41,-13.43820502,-179.2423655
3.4,-24.41,-24.41,75.01,24.41,-16.41,16.41,-101.41,16.41,-13.27259003,-188.6772639
3.4,-24.41,-24.41,24.01,24.41,-16.41,16.41,-86.41,16.41,-13.33334346,-197.7324808
3.4,-24.41,-24.41,39.01,24.41,-16.41,16.41,-86.41,16.41,-13.6013228,-201.6415334
3.4,-24.41,-24.41,54.01,24.41,-16.41,16.41,-86.41,16.41,-13.95626707,-164.5173336
3.4,-24.41,-24.41,69.01,24.41,-16.41,16.41,-86.41,16.41,-13.58237494,-174.5024682
3.4,-24.41,-24.41,75.01,24.41,-16.41,16.41,-86.41,16.41,-13.44956269,-186.5462044
3.4,-24.41,-24.41,24.01,24.41,-16.41,16.41,-71.41,16.41,-13.5299316,-199.4662244
3.4,-24.41,-24.41,39.01,24.41,-16.41,16.41,-71.41,16.41,-13.15012498,-206.1859571
3.4,-24.41,-24.41,54.01,24.41,-16.41,16.41,-71.41,16.41,-13.29264588,-165.7169673
3.4,-24.41,-24.41,69.01,24.41,-16.41,16.41,-71.41,16.41,-13.30944364,-176.4110552
3.4,-24.41,-24.41,75.01,24.41,-16.41,16.41,-71.41,16.41,-13.64294886,-190.83916
3.4,-24.41,-24.41,24.01,24.41,-16.41,16.41,-56.41,16.41,-13.20457494,-217.2395434
3.4,-24.41,-24.41,39.01,24.41,-16.41,16.41,-56.41,16.41,-13.53325701,-218.027085
3.4,-24.41,-24.41,54.01,24.41,-16.41,16.41,-56.41,16.41,-13.06313634,-160.707867
3.4,-24.41,-24.41,69.01,24.41,-16.41,16.41,-56.41,16.41,-13.20089756,-170.0676944
3.4,-24.41,-24.41,75.01,24.41,-16.41,16.41,-56.41,16.41,-13.61181994,-180.1542516
3.4,-24.41,-24.41,24.01,24.41,-16.41,16.41,-41.41,16.41,-13.48695463,-194.5128837
3.4,-24.41,-24.41,39.01,24.41,-16.41,16.41,-41.41,16.41,-13.20607863,-201.8412495
3.4,-24.41,-24.41,54.01,24.41,-16.41,16.41,-41.41,16.41,-12.9854866,-151.7981786
3.4,-24.41,-24.41,69.01,24.41,-16.41,16.41,-41.41,16.41,-13.61712103,-161.2738183
3.4,-24.41,-24.41,75.01,24.41,-16.41,16.41,-41.41,16.41,-13.55432974,-174.5859429
3.4,-24.41,-24.41,24.01,24.41,-16.41,16.41,-26.41,16.41,-13.29783791,-190.4199793
3.4,-24.41,-24.41,39.01,24.41,-16.41,16.41,-26.41,16.41,-13.29031147,-197.1968046
3.4,-24.41,-24.41,54.01,24.41,-16.41,16.41,-26.41,16.41,-14.22390816,-140.5745654
3.4,-24.41,-24.41,69.01,24.41,-16.41,16.41,-26.41,16.41,-13.56188616,-154.9999653
3.4,-24.41,-24.41,75.01,24.41,-16.41,16.41,-26.41,16.41,-13.56855741,-167.9316375
3.4,-24.41,-24.41,24.41,39.41,-16.41,16.41,-16.41,16.41,-13.32102124,-182.7520595
3.4,-24.41,-24.41,24.41,54.41,-16.41,16.41,-16.41,16.41,-13.18172679,-189.6207863
3.4,-24.41,-24.41,24.41,69.41,-16.41,16.41,-16.41,16.41,-13.42162566,-148.5082637
3.4,-24.41,-24.41,24.41,75.01,-16.41,16.41,-16.41,16.41,-13.18692946,-162.7681229
3.4,-24.41,-24.41,24.41,24.41,-16.41,16.41,-16.41,31.41,-13.47685733,-174.4132497
3.4,-24.41,-24.41,24.41,39.41,-16.41,16.41,-16.41,31.41,-13.31298897,-179.7046009
3.4,-24.41,-24.41,24.41,54.41,-16.41,16.41,-16.41,31.41,-13.63908745,-144.6546843
3.4,-24.41,-24.41,24.41,69.41,-16.41,16.41,-16.41,31.41,-13.56307177,-154.0464728
3.4,-24.41,-24.41,24.41,75.01,-16.41,16.41,-16.41,31.41,-13.9657184,-163.5089346
3.4,-24.41,-24.41,24.41,24.41,-16.41,16.41,-16.41,46.41,-13.59763674,-175.6107635
3.4,-24.41,-24.41,24.41,39.41,-16.41,16.41,-16.41,46.41,-13.18830348,-181.1884099
3.4,-24.41,-24.41,24.41,54.41,-16.41,16.41,-16.41,46.41,-13.21749928,-151.7533303
3.4,-24.41,-24.41,24.41,69.41,-16.41,16.41,-16.41,46.41,-13.23305219,-158.5872202
3.4,-24.41,-24.41,24.41,75.01,-16.41,16.41,-16.41,46.41,-12.957749,-167.8886568
3.4,-24.41,-24.41,24.41,24.41,-16.41,16.41,-16.41,61.41,-13.81794205,-175.7451684
3.4,-24.41,-24.41,24.41,39.41,-16.41,16.41,-16.41,61.41,-13.21213578,-181.7200309
3.4,-24.41,-24.41,24.41,54.41,-16.41,16.41,-16.41,61.41,-14.07825774,-153.6771313
3.4,-24.41,-24.41,24.41,69.41,-16.41,16.41,-16.41,61.41,-13.15981975,-161.4095305
3.4,-24.41,-24.41,24.41,75.01,-16.41,16.41,-16.41,61.41,-12.99322857,-169.0115718
3.4,-24.41,-24.41,24.41,24.41,-16.41,16.41,-16.41,76.41,-13.20455122,-178.2266702
3.4,-24.41,-24.41,24.41,39.41,-16.41,16.41,-16.41,76.41,-13.00286125,-183.2026187
3.4,-24.41,-24.41,24.41,54.41,-16.41,16.41,-16.41,76.41,-13.28379027,-158.3079822
3.4,-24.41,-24.41,24.41,69.41,-16.41,16.41,-16.41,76.41,-13.36811716,-162.857712
3.4,-24.41,-24.41,24.41,75.01,-16.41,16.41,-16.41,76.41,-13.2188657,-170.0940498
3.4,-24.41,-24.41,24.41,24.41,-16.41,16.41,-16.41,91.41,-13.5245558,-178.1155821
3.4,-24.41,-24.41,24.41,39.41,-16.41,16.41,-16.41,91.41,-13.38625697,-182.2447848
3.4,-24.41,-24.41,24.41,54.41,-16.41,16.41,-16.41,91.41,-13.36916098,-162.7948373
3.4,-24.41,-24.41,24.41,69.41,-16.41,16.41,-16.41,91.41,-13.63337853,-166.6393137
3.4,-24.41,-24.41,24.41,75.01,-16.41,16.41,-16.41,91.41,-13.56474573,-172.7242195
3.4,-24.41,-24.41,24.41,24.41,-16.41,16.41,-16.41,106.41,-13.23899475,-180.4217603
3.4,-24.41,-24.41,24.41,39.41,-16.41,16.41,-16.41,106.41,-13.88914766,-181.9787311
3.4,-24.41,-24.41,24.41,54.41,-16.41,16.41,-16.41,106.41,-13.111524,-170.1518932
3.4,-24.41,-24.41,24.41,69.41,-16.41,16.41,-16.41,106.41,-13.242397,-172.9882935
3.4,-24.41,-24.41,24.41,75.01,-16.41,16.41,-16.41,106.41,-13.54290257,-176.2546316
3.4,-24.41,-24.41,24.41,24.41,-16.41,16.41,-16.41,121.41,-13.19118936,-183.3843599
3.4,-24.41,-24.41,24.41,39.41,-16.41,16.41,-16.41,121.41,-13.47802043,-186.0148961
3.4,-24.41,-24.41,24.41,54.41,-16.41,16.41,-16.41,121.41,-13.32651493,-171.5408259
3.4,-24.41,-24.41,24.41,69.41,-16.41,16.41,-16.41,121.41,-14.21806018,-171.7466039
3.4,-24.41,-24.41,24.41,75.01,-16.41,16.41,-16.41,121.41,-13.17280218,-178.6160818
3.4,-24.41,-24.41,24.41,24.41,-16.41,16.41,-16.41,131.41,-13.34990915,-185.8639487
3.4,-24.41,-24.41,24.41,39.41,-16.41,16.41,-16.41,131.41,-13.51983635,-189.5820853
3.4,-24.41,-24.41,24.41,54.41,-16.41,16.41,-16.41,131.41,-13.05287335,-174.0059606
3.4,-24.41,-24.41,24.41,69.41,-16.41,16.41,-16.41,131.41,-12.64569922,-178.4737145
3.4,-24.41,-24.41,24.41,75.01,-16.41,16.41,-16.41,131.41,-12.90434709,-183.0378364
3.4,-75.01,-24.41,24.41,24.41,-16.41,16.41,-16.41,16.41,-12.87045501,-190.711336
3.4,-60.01,-24.41,24.41,24.41,-16.41,16.41,-16.41,16.41,-12.7848536,-193.8416494
3.4,-45.01,-24.41,24.41,24.41,-16.41,16.41,-16.41,16.41,-13.36039786,-176.0966653
3.4,-30.01,-24.41,24.41,24.41,-16.41,16.41,-16.41,16.41,-13.21841722,-163.8424491
3.4,-75.01,-24.41,24.41,24.41,-131.41,16.41,-16.41,16.41,-13.03528858,-152.4151318
3.4,-60.01,-24.41,24.41,24.41,-131.41,16.41,-16.41,16.41,-14.13843875,-135.1773708
3.4,-45.01,-24.41,24.41,24.41,-131.41,16.41,-16.41,16.41,-13.08863885,-192.3002988
3.4,-30.01,-24.41,24.41,24.41,-131.41,16.41,-16.41,16.41,-12.73273472,-184.2998906
3.4,-24.41,-24.41,24.41,24.41,-131.41,16.41,-16.41,16.41,-13.37738108,-176.4064922
3.4,-75.01,-24.41,24.41,24.41,-116.41,16.41,-16.41,16.41,-12.84292931,-173.9730175
3.4,-60.01,-24.41,24.41,24.41,-116.41,16.41,-16.41,16.41,-13.64368257,-170.8405981
3.4,-45.01,-24.41,24.41,24.41,-116.41,16.41,-16.41,16.41,-13.32686199,-190.2784637
3.4,-30.01,-24.41,24.41,24.41,-116.41,16.41,-16.41,16.41,-13.64044379,-179.4160309
3.4,-24.41,-24.41,24.41,24.41,-116.41,16.41,-16.41,16.41,-13.61855132,-174.761199
3.4,-75.01,-24.41,24.41,24.41,-101.41,16.41,-16.41,16.41,-13.3945649,-172.3399618
3.4,-60.01,-24.41,24.41,24.41,-101.41,16.41,-16.41,16.41,-13.20568418,-171.9275395
3.4,-45.01,-24.41,24.41,24.41,-101.41,16.41,-16.41,16.41,-13.09909247,-186.0837152
3.4,-30.01,-24.41,24.41,24.41,-101.41,16.41,-16.41,16.41,-13.71991267,-176.7417892
3.4,-24.41,-24.41,24.41,24.41,-101.41,16.41,-16.41,16.41,-13.05777949,-173.2259409
3.4,-75.01,-24.41,24.41,24.41,-86.41,16.41,-16.41,16.41,-13.55242215,-167.270439
3.4,-60.01,-24.41,24.41,24.41,-86.41,16.41,-16.41,16.41,-13.28168758,-166.5370823
3.4,-45.01,-24.41,24.41,24.41,-86.41,16.41,-16.41,16.41,-13.3677218,-182.9787198
3.4,-30.01,-24.41,24.41,24.41,-86.41,16.41,-16.41,16.41,-13.52043524,-173.8166998
3.4,-24.41,-24.41,24.41,24.41,-86.41,16.41,-16.41,16.41,-13.18418187,-167.6612588
3.4,-75.01,-24.41,24.41,24.41,-71.41,16.41,-16.41,16.41,-12.86172032,-163.0078249
3.4,-60.01,-24.41,24.41,24.41,-71.41,16.41,-16.41,16.41,-13.60169546,-159.3158045
3.4,-45.01,-24.41,24.41,24.41,-71.41,16.41,-16.41,16.41,-13.22462889,-182.8477994
3.4,-30.01,-24.41,24.41,24.41,-71.41,16.41,-16.41,16.41,-13.24259582,-172.3629807
3.4,-24.41,-24.41,24.41,24.41,-71.41,16.41,-16.41,16.41,-13.61296707,-163.9489709
3.4,-75.01,-24.41,24.41,24.41,-56.41,16.41,-16.41,16.41,-13.30891719,-158.9611775
3.4,-60.01,-24.41,24.41,24.41,-56.41,16.41,-16.41,16.41,-13.50325362,-156.7449963
3.4,-45.01,-24.41,24.41,24.41,-56.41,16.41,-16.41,16.41,-12.68895681,-183.4052167
3.4,-30.01,-24.41,24.41,24.41,-56.41,16.41,-16.41,16.41,-13.29777125,-171.5532053
3.4,-24.41,-24.41,24.41,24.41,-56.41,16.41,-16.41,16.41,-13.21521473,-163.6869736
3.4,-75.01,-24.41,24.41,24.41,-41.41,16.41,-16.41,16.41,-13.37152132,-156.4528931
3.4,-60.01,-24.41,24.41,24.41,-41.41,16.41,-16.41,16.41,-13.11017555,-155.0532162
3.4,-45.01,-24.41,24.41,24.41,-41.41,16.41,-16.41,16.41,-13.73465546,-178.9282354
3.4,-30.01,-24.41,24.41,24.41,-41.41,16.41,-16.41,16.41,-13.49407253,-169.3386433
3.4,-24.41,-24.41,24.41,24.41,-41.41,16.41,-16.41,16.41,-13.37052832,-160.1257295
3.4,-75.01,-24.41,24.41,24.41,-26.41,16.41,-16.41,16.41,-13.11731012,-152.0892186
3.4,-60.01,-24.41,24.41,24.41,-26.41,16.41,-16.41,16.41,-13.14433336,-149.2241347
3.4,-45.01,-24.41,24.41,24.41,-26.41,16.41,-16.41,16.41,-13.25481773,-178.5101053
3.4,-30.01,-24.41,24.41,24.41,-26.41,16.41,-16.41,16.41,-14.11250051,-165.1370483
3.4,-24.41,-24.41,24.41,24.41,-26.41,16.41,-16.41,16.41,-12.90858672,-157.7251234
3.45,-24.41,-75.01,24.41,24.41,-16.41,16.41,-16.41,16.41,-25.48616948,-164.8648371
3.45,-24.41,-75.01,24.41,24.41,-16.41,31.41,-16.41,16.41,-24.18348205,-173.9156722
3.45,-24.41,-75.01,24.41,24.41,-16.41,46.41,-16.41,16.41,-24.1086293,-174.6411395
3.45,-24.41,-75.01,24.41,24.41,-16.41,46.41,-16.41,16.41,-23.77962214,-178.9916124
3.45,-24.41,-75.01,24.41,24.41,-16.41,106.41,-16.41,16.41,-24.98515148,-181.4604658
3.45,-24.41,-75.01,24.41,24.41,-16.41,121.41,-16.41,16.41,-24.33574182,-178.9599081
3.45,-24.41,-75.01,24.41,24.41,-16.41,131.41,-16.41,16.41,-23.80354309,-178.8640187
3.45,-24.41,-60.01,24.41,24.41,-16.41,16.41,-16.41,16.41,-23.93745161,-178.3319745
3.45,-24.41,-60.01,24.41,24.41,-16.41,31.41,-16.41,16.41,-23.92711573,-178.8085154
3.45,-24.41,-60.01,24.41,24.41,-16.41,46.41,-16.41,16.41,-24.85946543,-150.6629452
3.45,-24.41,-60.01,24.41,24.41,-16.41,61.41,-16.41,16.41,-25.48799897,-156.4138241
3.45,-24.41,-60.01,24.41,24.41,-16.41,76.41,-16.41,16.41,-24.71219531,-159.5217322
3.45,-24.41,-60.01,24.41,24.41,-16.41,91.41,-16.41,16.41,-23.7472186,-164.8295365
3.45,-24.41,-60.01,24.41,24.41,-16.41,106.41,-16.41,16.41,-24.32946047,-165.9996741
3.45,-24.41,-60.01,24.41,24.41,-16.41,121.41,-16.41,16.41,-24.44104495,-167.2250512
3.45,-24.41,-60.01,24.41,24.41,-16.41,131.41,-16.41,16.41,-25.23843964,-167.2334023
3.45,-24.41,-45.01,24.41,24.41,-16.41,16.41,-16.41,16.41,-24.18231758,-166.9790662
3.45,-24.41,-45.01,24.41,24.41,-16.41,31.41,-16.41,16.41,-23.24514151,-170.2740337
3.45,-24.41,-45.01,24.41,24.41,-16.41,46.41,-16.41,16.41,-24.3848616,-136.4299254
3.45,-24.41,-45.01,24.41,24.41,-16.41,61.41,-16.41,16.41,-25.27858009,-143.2366499
3.45,-24.41,-45.01,24.41,24.41,-16.41,76.41,-16.41,16.41,-24.20246424,-148.8705858
3.45,-24.41,-45.01,24.41,24.41,-16.41,91.41,-16.41,16.41,-25.44455586,-152.4458821
3.45,-24.41,-45.01,24.41,24.41,-16.41,106.41,-16.41,16.41,-25.14807762,-153.9674601
3.45,-24.41,-45.01,24.41,24.41,-16.41,121.41,-16.41,16.41,-24.77397321,-157.0218065
3.45,-24.41,-45.01,24.41,24.41,-16.41,131.41,-16.41,16.41,-23.71276375,-162.26235
3.45,-24.41,-30.01,24.41,24.41,-16.41,16.41,-16.41,16.41,-25.66933892,-159.0043631
3.45,-24.41,-30.01,24.41,24.41,-16.41,31.41,-16.41,16.41,-22.91678308,-163.3946271
3.45,-24.41,-30.01,24.41,24.41,-16.41,46.41,-16.41,16.41,-25.27539623,-120.139851
3.45,-24.41,-30.01,24.41,24.41,-16.41,61.41,-16.41,16.41,-25.10517975,-132.0742763
3.45,-24.41,-30.01,24.41,24.41,-16.41,76.41,-16.41,16.41,-23.85395172,-139.9158336
3.45,-24.41,-30.01,24.41,24.41,-16.41,91.41,-16.41,16.41,-24.43544493,-145.4433131
3.45,-24.41,-30.01,24.41,24.41,-16.41,106.41,-16.41,16.41,-24.12841162,-147.2233217
3.45,-24.41,-30.01,24.41,24.41,-16.41,121.41,-16.41,16.41,-23.92316483,-150.4354298
3.45,-24.41,-30.01,24.41,24.41,-16.41,131.41,-16.41,16.41,-24.89052747,-155.239208
3.45,-24.41,-24.41,24.41,24.41,-16.41,16.41,-16.41,16.41,-24.94954734,-155.5519806
3.45,-24.41,-24.01,24.41,24.41,-16.41,16.41,-16.41,16.41,-23.35916034,-158.0181376
3.45,-24.41,-24.01,24.41,24.41,-16.41,31.41,-16.41,16.41,-23.10458527,-116.5343131
3.45,-24.41,-24.01,24.41,24.41,-16.41,46.41,-16.41,16.41,-25.94270529,-112.9030953
3.45,-24.41,-24.01,24.41,24.41,-16.41,61.41,-16.41,16.41,-25.14495036,-127.2873216
3.45,-24.41,-24.01,24.41,24.41,-16.41,76.41,-16.41,16.41,-24.29866479,-135.6958738
3.45,-24.41,-24.01,24.41,24.41,-16.41,91.41,-16.41,16.41,-24.74556608,-142.1225091
3.45,-24.41,-24.01,24.41,24.41,-16.41,106.41,-16.41,16.41,-24.7206778,-143.8112324
3.45,-24.41,-24.01,24.41,24.41,-16.41,121.41,-16.41,16.41,-24.90051136,-146.7534321
3.45,-24.41,-24.01,24.41,24.41,-16.41,131.41,-16.41,16.41,-24.02524132,-154.1823393
3.45,-24.41,-24.41,24.01,24.41,-16.41,16.41,-16.41,16.41,-25.00693703,-154.1148638
3.45,-24.41,-24.41,39.01,24.41,-16.41,16.41,-16.41,16.41,-23.10450112,-156.8566991
3.45,-24.41,-24.41,54.01,24.41,-16.41,16.41,-16.41,16.41,-24.61711124,-114.3568259
3.45,-24.41,-24.41,69.01,24.41,-16.41,16.41,-16.41,16.41,-23.95920706,-129.5802879
3.45,-24.41,-24.41,75.01,24.41,-16.41,16.41,-16.41,16.41,-23.94115422,-144.1848982
3.45,-24.41,-24.41,24.01,24.41,-16.41,16.41,-131.41,16.41,-24.16845882,-158.1659315
3.45,-24.41,-24.41,39.01,24.41,-16.41,16.41,-131.41,16.41,-24.49252148,-164.2392992
3.45,-24.41,-24.41,54.01,24.41,-16.41,16.41,-131.41,16.41,-24.30197994,-155.1771669
3.45,-24.41,-24.41,69.01,24.41,-16.41,16.41,-131.41,16.41,-24.16783619,-159.6021057
3.45,-24.41,-24.41,75.01,24.41,-16.41,16.41,-131.41,16.41,-23.95437662,-166.119742
3.45,-24.41,-24.41,24.01,24.41,-16.41,16.41,-116.41,16.41,-23.09945452,-176.2511325
3.45,-24.41,-24.41,39.01,24.41,-16.41,16.41,-116.41,16.41,-25.59430242,-177.2192705
3.45,-24.41,-24.41,54.01,24.41,-16.41,16.41,-116.41,16.41,-23.75902236,-156.9980622
3.45,-24.41,-24.41,69.01,24.41,-16.41,16.41,-116.41,16.41,-24.59355348,-160.2140904
3.45,-24.41,-24.41,75.01,24.41,-16.41,16.41,-116.41,16.41,-25.41393507,-164.7045457
3.45,-24.41,-24.41,24.01,24.41,-16.41,16.41,-101.41,16.41,-24.42310549,-173.8460096
3.45,-24.41,-24.41,39.01,24.41,-16.41,16.41,-101.41,16.41,-24.25227077,-178.5372153
3.45,-24.41,-24.41,54.01,24.41,-16.41,16.41,-101.41,16.41,-24.1418113,-152.3524475
3.45,-24.41,-24.41,69.01,24.41,-16.41,16.41,-101.41,16.41,-24.65108936,-158.1765062
3.45,-24.41,-24.41,75.01,24.41,-16.41,16.41,-101.41,16.41,-24.2864541,-166.5550991
3.45,-24.41,-24.41,24.01,24.41,-16.41,16.41,-86.41,16.41,-24.43963032,-175.111365
3.45,-24.41,-24.41,39.01,24.41,-16.41,16.41,-86.41,16.41,-25.02689843,-178.712932
3.45,-24.41,-24.41,54.01,24.41,-16.41,16.41,-86.41,16.41,-25.81817528,-144.7143165
3.45,-24.41,-24.41,69.01,24.41,-16.41,16.41,-86.41,16.41,-24.94637387,-152.9762717
3.45,-24.41,-24.41,75.01,24.41,-16.41,16.41,-86.41,16.41,-24.65059662,-163.3759144
3.45,-24.41,-24.41,24.01,24.41,-16.41,16.41,-71.41,16.41,-24.86362776,-175.5964698
3.45,-24.41,-24.41,39.01,24.41,-16.41,16.41,-71.41,16.41,-23.98150961,-181.4817996
3.45,-24.41,-24.41,54.01,24.41,-16.41,16.41,-71.41,16.41,-24.31827811,-145.2826053
3.45,-24.41,-24.41,69.01,24.41,-16.41,16.41,-71.41,16.41,-24.35192246,-153.8839158
3.45,-24.41,-24.41,75.01,24.41,-16.41,16.41,-71.41,16.41,-25.11387602,-164.8910489
3.45,-24.41,-24.41,24.01,24.41,-16.41,16.41,-56.41,16.41,-24.1139777,-186.351892
3.45,-24.41,-24.41,39.01,24.41,-16.41,16.41,-56.41,16.41,-24.82789014,-198.1441178
3.45,-24.41,-24.41,54.01,24.41,-16.41,16.41,-56.41,16.41,-23.83808659,-141.3929327
3.45,-24.41,-24.41,69.01,24.41,-16.41,16.41,-56.41,16.41,-24.09294734,-150.0249212
3.45,-24.41,-24.41,75.01,24.41,-16.41,16.41,-56.41,16.41,-25.05840729,-159.4508964
3.45,-24.41,-24.41,24.01,24.41,-16.41,16.41,-41.41,16.41,-24.80900288,-172.8595462
3.45,-24.41,-24.41,39.01,24.41,-16.41,16.41,-41.41,16.41,-24.15466788,-179.6541912
3.45,-24.41,-24.41,54.01,24.41,-16.41,16.41,-41.41,16.41,-23.55114266,-132.9999533
3.45,-24.41,-24.41,69.01,24.41,-16.41,16.41,-41.41,16.41,-24.99062884,-141.8132319
3.45,-24.41,-24.41,75.01,24.41,-16.41,16.41,-41.41,16.41,-24.86053054,-154.1951419
3.45,-24.41,-24.41,24.01,24.41,-16.41,16.41,-26.41,16.41,-24.33051001,-169.1906229
3.45,-24.41,-24.41,39.01,24.41,-16.41,16.41,-26.41,16.41,-24.30641632,-175.6123848
3.45,-24.41,-24.41,54.01,24.41,-16.41,16.41,-26.41,16.41,-26.43638164,-122.8571961
3.45,-24.41,-24.41,69.01,24.41,-16.41,16.41,-26.41,16.41,-24.99149749,-136.8092524
3.45,-24.41,-24.41,75.01,24.41,-16.41,16.41,-26.41,16.41,-24.98988821,-150.0726227
3.45,-24.41,-24.41,24.41,39.41,-16.41,16.41,-16.41,16.41,-24.38156134,-165.3634586
3.45,-24.41,-24.41,24.41,54.41,-16.41,16.41,-16.41,16.41,-24.03558698,-172.1856757
3.45,-24.41,-24.41,24.41,69.41,-16.41,16.41,-16.41,16.41,-24.33792361,-131.3951788
3.45,-24.41,-24.41,24.41,75.01,-16.41,16.41,-16.41,16.41,-24.11843421,-146.0359453
3.45,-24.41,-24.41,24.41,24.41,-16.41,16.41,-16.41,31.41,-24.79025882,-158.735799
3.45,-24.41,-24.41,24.41,39.41,-16.41,16.41,-16.41,31.41,-24.38795259,-164.1742211
3.45,-24.41,-24.41,24.41,54.41,-16.41,16.41,-16.41,31.41,-25.05179721,-126.681843
3.45,-24.41,-24.41,24.41,69.41,-16.41,16.41,-16.41,31.41,-24.95037974,-136.2316674
3.45,-24.41,-24.41,24.41,75.01,-16.41,16.41,-16.41,31.41,-25.84822617,-146.1446704
3.45,-24.41,-24.41,24.41,24.41,-16.41,16.41,-16.41,46.41,-24.99450648,-159.0828218
3.45,-24.41,-24.41,24.41,39.41,-16.41,16.41,-16.41,46.41,-24.0597993,-165.0178637
3.45,-24.41,-24.41,24.41,54.41,-16.41,16.41,-16.41,46.41,-24.13888549,-133.7243249
3.45,-24.41,-24.41,24.41,69.41,-16.41,16.41,-16.41,46.41,-24.11949337,-140.8588733
3.45,-24.41,-24.41,24.41,75.01,-16.41,16.41,-16.41,46.41,-23.5734173,-150.3347968
3.45,-24.41,-24.41,24.41,24.41,-16.41,16.41,-16.41,61.41,-25.5869381,-158.7863994
3.45,-24.41,-24.41,24.41,39.41,-16.41,16.41,-16.41,61.41,-24.19842276,-164.9571309
3.45,-24.41,-24.41,24.41,54.41,-16.41,16.41,-16.41,61.41,-26.16554064,-136.7293297
3.45,-24.41,-24.41,24.41,69.41,-16.41,16.41,-16.41,61.41,-24.04880688,-144.4355615
3.45,-24.41,-24.41,24.41,75.01,-16.41,16.41,-16.41,61.41,-23.70012625,-152.1472514
3.45,-24.41,-24.41,24.41,24.41,-16.41,16.41,-16.41,76.41,-24.16578992,-161.8353392
3.45,-24.41,-24.41,24.41,39.41,-16.41,16.41,-16.41,76.41,-23.69119975,-167.163448
3.45,-24.41,-24.41,24.41,54.41,-16.41,16.41,-16.41,76.41,-24.27628568,-141.1800771
3.45,-24.41,-24.41,24.41,69.41,-16.41,16.41,-16.41,76.41,-24.49780238,-145.9017709
3.45,-24.41,-24.41,24.41,75.01,-16.41,16.41,-16.41,76.41,-24.19013074,-153.2525891
3.45,-24.41,-24.41,24.41,24.41,-16.41,16.41,-16.41,91.41,-24.83711442,-161.9399664
3.45,-24.41,-24.41,24.41,39.41,-16.41,16.41,-16.41,91.41,-24.47157311,-166.6268024
3.45,-24.41,-24.41,24.41,54.41,-16.41,16.41,-16.41,91.41,-24.54028648,-145.1675545
3.45,-24.41,-24.41,24.41,69.41,-16.41,16.41,-16.41,91.41,-25.1404409,-149.3097081
3.45,-24.41,-24.41,24.41,75.01,-16.41,16.41,-16.41,91.41,-24.97101669,-155.7459985
3.45,-24.41,-24.41,24.41,24.41,-16.41,16.41,-16.41,106.41,-24.26267052,-164.1027312
3.45,-24.41,-24.41,24.41,39.41,-16.41,16.41,-16.41,106.41,-25.75110196,-166.1519782
3.45,-24.41,-24.41,24.41,54.41,-16.41,16.41,-16.41,106.41,-23.90974764,-152.6690544
3.45,-24.41,-24.41,24.41,69.41,-16.41,16.41,-16.41,106.41,-24.17185218,-155.8702771
3.45,-24.41,-24.41,24.41,75.01,-16.41,16.41,-16.41,106.41,-24.83796326,-159.587826
3.45,-24.41,-24.41,24.41,24.41,-16.41,16.41,-16.41,121.41,-24.15032633,-166.8566181
3.45,-24.41,-24.41,24.41,39.41,-16.41,16.41,-16.41,121.41,-24.79966883,-169.6477322
3.45,-24.41,-24.41,24.41,54.41,-16.41,16.41,-16.41,121.41,-24.3518897,-154.3415311
3.45,-24.41,-24.41,24.41,69.41,-16.41,16.41,-16.41,121.41,-26.33947316,-154.9179178
3.45,-24.41,-24.41,24.41,75.01,-16.41,16.41,-16.41,121.41,-24.04482618,-161.4184852
3.45,-24.41,-24.41,24.41,24.41,-16.41,16.41,-16.41,131.41,-24.46902095,-168.6889769
3.45,-24.41,-24.41,24.41,39.41,-16.41,16.41,-16.41,131.41,-24.79390985,-172.5900014
3.45,-24.41,-24.41,24.41,54.41,-16.41,16.41,-16.41,131.41,-24.01582512,-155.6767308
3.45,-24.41,-24.41,24.41,69.41,-16.41,16.41,-16.41,131.41,-23.10806164,-159.911455
3.45,-24.41,-24.41,24.41,75.01,-16.41,16.41,-16.41,131.41,-23.75958713,-164.4206558
3.45,-75.01,-24.41,24.41,24.41,-16.41,16.41,-16.41,16.41,-23.5958725,-172.3679547
3.45,-60.01,-24.41,24.41,24.41,-16.41,16.41,-16.41,16.41,-23.34465839,-175.8911916
3.45,-45.01,-24.41,24.41,24.41,-16.41,16.41,-16.41,16.41,-24.531806,-160.4545496
3.45,-30.01,-24.41,24.41,24.41,-16.41,16.41,-16.41,16.41,-24.20546887,-147.4901213
3.45,-75.01,-24.41,24.41,24.41,-131.41,16.41,-16.41,16.41,-23.66740991,-135.5756554
3.45,-60.01,-24.41,24.41,24.41,-131.41,16.41,-16.41,16.41,-25.61596915,-118.9706215
3.45,-45.01,-24.41,24.41,24.41,-131.41,16.41,-16.41,16.41,-23.87305015,-176.0117084
3.45,-30.01,-24.41,24.41,24.41,-131.41,16.41,-16.41,16.41,-23.10715974,-167.270417
3.45,-24.41,-24.41,24.41,24.41,-131.41,16.41,-16.41,16.41,-24.52762855,-159.3333548
3.45,-75.01,-24.41,24.41,24.41,-116.41,16.41,-16.41,16.41,-23.31656372,-156.5206719
3.45,-60.01,-24.41,24.41,24.41,-116.41,16.41,-16.41,16.41,-25.11713024,-153.6276353
3.45,-45.01,-24.41,24.41,24.41,-116.41,16.41,-16.41,16.41,-24.3936676,-174.926098
3.45,-30.01,-24.41,24.41,24.41,-116.41,16.41,-16.41,16.41,-25.15733322,-163.5356856
3.45,-24.41,-24.41,24.41,24.41,-116.41,16.41,-16.41,16.41,-25.06096199,-158.592457
3.45,-75.01,-24.41,24.41,24.41,-101.41,16.41,-16.41,16.41,-24.52825255,-155.7917564
3.45,-60.01,-24.41,24.41,24.41,-101.41,16.41,-16.41,16.41,-24.13441164,-155.1755334
3.45,-45.01,-24.41,24.41,24.41,-101.41,16.41,-16.41,16.41,-23.99967494,-171.3181709
3.45,-30.01,-24.41,24.41,24.41,-101.41,16.41,-16.41,16.41,-25.33702146,-161.5249243
3.45,-24.41,-24.41,24.41,24.41,-101.41,16.41,-16.41,16.41,-23.83752209,-157.085332
3.45,-75.01,-24.41,24.41,24.41,-86.41,16.41,-16.41,16.41,-24.96790472,-150.7932394
3.45,-60.01,-24.41,24.41,24.41,-86.41,16.41,-16.41,16.41,-24.36389075,-149.8095712
3.45,-45.01,-24.41,24.41,24.41,-86.41,16.41,-16.41,16.41,-24.50702597,-168.9267326
3.45,-30.01,-24.41,24.41,24.41,-86.41,16.41,-16.41,16.41,-24.86874562,-158.61429
3.45,-24.41,-24.41,24.41,24.41,-86.41,16.41,-16.41,16.41,-24.11257867,-151.5581892
3.45,-75.01,-24.41,24.41,24.41,-71.41,16.41,-16.41,16.41,-23.38739871,-146.3689306
3.45,-60.01,-24.41,24.41,24.41,-71.41,16.41,-16.41,16.41,-25.04213419,-142.8468171
3.45,-45.01,-24.41,24.41,24.41,-71.41,16.41,-16.41,16.41,-24.16540595,-169.6516795
3.45,-30.01,-24.41,24.41,24.41,-71.41,16.41,-16.41,16.41,-24.25301294,-157.5240115
3.45,-24.41,-24.41,24.41,24.41,-71.41,16.41,-16.41,16.41,-25.08156103,-148.3660525
3.45,-75.01,-24.41,24.41,24.41,-56.41,16.41,-16.41,16.41,-24.41286429,-142.8288912
3.45,-60.01,-24.41,24.41,24.41,-56.41,16.41,-16.41,16.41,-24.79972285,-140.5821285
3.45,-45.01,-24.41,24.41,24.41,-56.41,16.41,-16.41,16.41,-23.05533868,-169.7319144
3.45,-30.01,-24.41,24.41,24.41,-56.41,16.41,-16.41,16.41,-24.42281023,-156.407709
3.45,-24.41,-24.41,24.41,24.41,-56.41,16.41,-16.41,16.41,-24.18079732,-147.5648438
3.45,-75.01,-24.41,24.41,24.41,-41.41,16.41,-16.41,16.41,-24.55279117,-139.8235984
3.45,-60.01,-24.41,24.41,24.41,-41.41,16.41,-16.41,16.41,-23.98740179,-138.1501564
3.45,-45.01,-24.41,24.41,24.41,-41.41,16.41,-16.41,16.41,-25.38828779,-164.5382103
3.45,-30.01,-24.41,24.41,24.41,-41.41,16.41,-16.41,16.41,-24.78416188,-153.4600554
3.45,-24.41,-24.41,24.41,24.41,-41.41,16.41,-16.41,16.41,-24.46015673,-143.2527371
3.45,-75.01,-24.41,24.41,24.41,-26.41,16.41,-16.41,16.41,-23.90015483,-134.7296043
3.45,-60.01,-24.41,24.41,24.41,-26.41,16.41,-16.41,16.41,-23.95505158,-131.7320466
3.45,-45.01,-24.41,24.41,24.41,-26.41,16.41,-16.41,16.41,-24.23305852,-163.7608922
3.45,-30.01,-24.41,24.41,24.41,-26.41,16.41,-16.41,16.41,-26.23310086,-149.6824152
3.45,-24.41,-24.41,24.41,24.41,-26.41,16.41,-16.41,16.41,-23.53172166,-140.9528179
3.5,-24.41,-75.01,24.41,24.41,-16.41,16.41,-16.41,16.41,-57.82988759,-156.8785206
3.5,-24.41,-75.01,24.41,24.41,-16.41,31.41,-16.41,16.41,-53.50439642,-158.4412753
3.5,-24.41,-75.01,24.41,24.41,-16.41,46.41,-16.41,16.41,-53.47485381,-157.5724536
3.5,-24.41,-75.01,24.41,24.41,-16.41,46.41,-16.41,16.41,-52.42713338,-161.3070244
3.5,-24.41,-75.01,24.41,24.41,-16.41,106.41,-16.41,16.41,-55.9612717,-161.2997778
3.5,-24.41,-75.01,24.41,24.41,-16.41,121.41,-16.41,16.41,-54.22910702,-160.3001746
3.5,-24.41,-75.01,24.41,24.41,-16.41,131.41,-16.41,16.41,-52.45824366,-161.5333171
3.5,-24.41,-60.01,24.41,24.41,-16.41,16.41,-16.41,16.41,-52.65849477,-162.8324128
3.5,-24.41,-60.01,24.41,24.41,-16.41,31.41,-16.41,16.41,-53.30100169,-163.5159648
3.5,-24.41,-60.01,24.41,24.41,-16.41,46.41,-16.41,16.41,-56.33461149,-140.8240942
3.5,-24.41,-60.01,24.41,24.41,-16.41,61.41,-16.41,16.41,-57.82358236,-141.9995566
3.5,-24.41,-60.01,24.41,24.41,-16.41,76.41,-16.41,16.41,-55.38132995,-143.7723175
3.5,-24.41,-60.01,24.41,24.41,-16.41,91.41,-16.41,16.41,-52.44199108,-147.5771938
3.5,-24.41,-60.01,24.41,24.41,-16.41,106.41,-16.41,16.41,-54.05723195,-148.0138606
3.5,-24.41,-60.01,24.41,24.41,-16.41,121.41,-16.41,16.41,-54.57025649,-149.8071334
3.5,-24.41,-60.01,24.41,24.41,-16.41,131.41,-16.41,16.41,-57.17839024,-151.3853613
3.5,-24.41,-45.01,24.41,24.41,-16.41,16.41,-16.41,16.41,-53.4436271,-151.7584147
3.5,-24.41,-45.01,24.41,24.41,-16.41,31.41,-16.41,16.41,-51.33452791,-154.5325614
3.5,-24.41,-45.01,24.41,24.41,-16.41,46.41,-16.41,16.41,-54.19581624,-124.598009
3.5,-24.41,-45.01,24.41,24.41,-16.41,61.41,-16.41,16.41,-57.15731425,-129.7890809
3.5,-24.41,-45.01,24.41,24.41,-16.41,76.41,-16.41,16.41,-53.65818401,-134.0499572
3.5,-24.41,-45.01,24.41,24.41,-16.41,91.41,-16.41,16.41,-57.71749788,-137.5048472
3.5,-24.41,-45.01,24.41,24.41,-16.41,106.41,-16.41,16.41,-56.62899454,-138.4256897
3.5,-24.41,-45.01,24.41,24.41,-16.41,121.41,-16.41,16.41,-55.56987809,-141.4220269
3.5,-24.41,-45.01,24.41,24.41,-16.41,131.41,-16.41,16.41,-52.03788165,-146.5444751
3.5,-24.41,-30.01,24.41,24.41,-16.41,16.41,-16.41,16.41,-58.48643311,-145.2947364
3.5,-24.41,-30.01,24.41,24.41,-16.41,31.41,-16.41,16.41,-50.33126341,-147.8973424
3.5,-24.41,-30.01,24.41,24.41,-16.41,46.41,-16.41,16.41,-54.26772944,-107.6689131
3.5,-24.41,-30.01,24.41,24.41,-16.41,61.41,-16.41,16.41,-56.60348211,-119.7636388
3.5,-24.41,-30.01,24.41,24.41,-16.41,76.41,-16.41,16.41,-52.60453901,-125.996227
3.5,-24.41,-30.01,24.41,24.41,-16.41,91.41,-16.41,16.41,-54.53748405,-131.2133472
3.5,-24.41,-30.01,24.41,24.41,-16.41,106.41,-16.41,16.41,-53.34647384,-132.6917286
3.5,-24.41,-30.01,24.41,24.41,-16.41,121.41,-16.41,16.41,-52.92202006,-135.6668623
3.5,-24.41,-30.01,24.41,24.41,-16.41,131.41,-16.41,16.41,-55.8010144,-141.2224648
3.5,-24.41,-24.41,24.41,24.41,-16.41,16.41,-16.41,16.41,-55.89004568,-142.334705
3.5,-24.41,-24.01,24.41,24.41,-16.41,16.41,-16.41,16.41,-51.63339853,-143.5168561
3.5,-24.41,-24.01,24.41,24.41,-16.41,31.41,-16.41,16.41,-47.47923672,-103.2043931
3.5,-24.41,-24.01,24.41,24.41,-16.41,46.41,-16.41,16.41,-55.53713155,-100.6851317
3.5,-24.41,-24.01,24.41,24.41,-16.41,61.41,-16.41,16.41,-56.55049823,-115.4168868
3.5,-24.41,-24.01,24.41,24.41,-16.41,76.41,-16.41,16.41,-54.12080138,-122.4507447
3.5,-24.41,-24.01,24.41,24.41,-16.41,91.41,-16.41,16.41,-55.54184744,-128.5810693
3.5,-24.41,-24.01,24.41,24.41,-16.41,106.41,-16.41,16.41,-55.11307068,-130.1735887
3.5,-24.41,-24.01,24.41,24.41,-16.41,121.41,-16.41,16.41,-56.15687578,-133.0536899
3.5,-24.41,-24.01,24.41,24.41,-16.41,131.41,-16.41,16.41,-53.11241796,-140.1126217
3.5,-24.41,-24.41,24.01,24.41,-16.41,16.41,-16.41,16.41,-56.14986187,-141.3135626
3.5,-24.41,-24.41,39.01,24.41,-16.41,16.41,-16.41,16.41,-50.78293582,-142.5131667
3.5,-24.41,-24.41,54.01,24.41,-16.41,16.41,-16.41,16.41,-51.57596913,-101.5638366
3.5,-24.41,-24.41,69.01,24.41,-16.41,16.41,-16.41,16.41,-52.05647747,-117.8553357
3.5,-24.41,-24.41,75.01,24.41,-16.41,16.41,-16.41,16.41,-53.25029729,-133.3887003
3.5,-24.41,-24.41,24.01,24.41,-16.41,16.41,-131.41,16.41,-53.82525074,-148.2807545
3.5,-24.41,-24.41,39.01,24.41,-16.41,16.41,-131.41,16.41,-54.65603248,-154.4750845
3.5,-24.41,-24.41,54.01,24.41,-16.41,16.41,-131.41,16.41,-53.5479229,-141.3860748
3.5,-24.41,-24.41,69.01,24.41,-16.41,16.41,-131.41,16.41,-53.06217799,-144.835547
3.5,-24.41,-24.41,75.01,24.41,-16.41,16.41,-131.41,16.41,-52.55649309,-150.4660764
3.5,-24.41,-24.41,24.01,24.41,-16.41,16.41,-116.41,16.41,-49.98817836,-159.5706431
3.5,-24.41,-24.41,39.01,24.41,-16.41,16.41,-116.41,16.41,-57.45455793,-161.8096735
3.5,-24.41,-24.41,54.01,24.41,-16.41,16.41,-116.41,16.41,-52.08840618,-142.9082683
3.5,-24.41,-24.41,69.01,24.41,-16.41,16.41,-116.41,16.41,-54.71913933,-145.542598
3.5,-24.41,-24.41,75.01,24.41,-16.41,16.41,-116.41,16.41,-57.48410529,-149.5436506
3.5,-24.41,-24.41,24.01,24.41,-16.41,16.41,-101.41,16.41,-54.34272605,-157.3830963
3.5,-24.41,-24.41,39.01,24.41,-16.41,16.41,-101.41,16.41,-53.73668195,-161.7415675
3.5,-24.41,-24.41,54.01,24.41,-16.41,16.41,-101.41,16.41,-53.51192704,-138.1287907
3.5,-24.41,-24.41,69.01,24.41,-16.41,16.41,-101.41,16.41,-54.99468077,-143.0326896
3.5,-24.41,-24.41,75.01,24.41,-16.41,16.41,-101.41,16.41,-53.88164395,-149.9467702
3.5,-24.41,-24.41,24.01,24.41,-16.41,16.41,-86.41,16.41,-54.36828606,-157.8177869
3.5,-24.41,-24.41,39.01,24.41,-16.41,16.41,-86.41,16.41,-56.21664729,-161.2882907
3.5,-24.41,-24.41,54.01,24.41,-16.41,16.41,-86.41,16.41,-58.98322311,-131.3741404
3.5,-24.41,-24.41,69.01,24.41,-16.41,16.41,-86.41,16.41,-55.94923428,-137.5098167
3.5,-24.41,-24.41,75.01,24.41,-16.41,16.41,-86.41,16.41,-54.95428504,-145.870907
3.5,-24.41,-24.41,24.01,24.41,-16.41,16.41,-71.41,16.41,-55.79986302,-156.6108896
3.5,-24.41,-24.41,39.01,24.41,-16.41,16.41,-71.41,16.41,-52.89617089,-161.9203756
3.5,-24.41,-24.41,54.01,24.41,-16.41,16.41,-71.41,16.41,-53.95402993,-130.7060681
3.5,-24.41,-24.41,69.01,24.41,-16.41,16.41,-71.41,16.41,-54.13169946,-137.2589214
3.5,-24.41,-24.41,75.01,24.41,-16.41,16.41,-71.41,16.41,-56.58352071,-145.431801
3.5,-24.41,-24.41,24.01,24.41,-16.41,16.41,-56.41,16.41,-53.32438727,-159.2934294
3.5,-24.41,-24.41,39.01,24.41,-16.41,16.41,-56.41,16.41,-55.53184114,-165.5831645
3.5,-24.41,-24.41,54.01,24.41,-16.41,16.41,-56.41,16.41,-52.67030599,-127.2677611
3.5,-24.41,-24.41,69.01,24.41,-16.41,16.41,-56.41,16.41,-53.25412747,-134.9040537
3.5,-24.41,-24.41,75.01,24.41,-16.41,16.41,-56.41,16.41,-56.53192753,-143.6318941
3.5,-24.41,-24.41,24.01,24.41,-16.41,16.41,-41.41,16.41,-55.78538458,-155.5966562
3.5,-24.41,-24.41,39.01,24.41,-16.41,16.41,-41.41,16.41,-53.60966707,-161.7520128
3.5,-24.41,-24.41,54.01,24.41,-16.41,16.41,-41.41,16.41,-51.61940989,-119.524623
3.5,-24.41,-24.41,69.01,24.41,-16.41,16.41,-41.41,16.41,-56.05282,-127.946066
3.5,-24.41,-24.41,75.01,24.41,-16.41,16.41,-41.41,16.41,-55.56002071,-138.9685563
3.5,-24.41,-24.41,24.01,24.41,-16.41,16.41,-26.41,16.41,-54.02250653,-152.3672189
3.5,-24.41,-24.41,39.01,24.41,-16.41,16.41,-26.41,16.41,-53.97746534,-158.3080353
3.5,-24.41,-24.41,54.01,24.41,-16.41,16.41,-26.41,16.41,-61.13913915,-111.3374701
3.5,-24.41,-24.41,69.01,24.41,-16.41,16.41,-26.41,16.41,-56.46083677,-123.955022
3.5,-24.41,-24.41,75.01,24.41,-16.41,16.41,-26.41,16.41,-56.29715483,-136.7261181
3.5,-24.41,-24.41,24.41,39.41,-16.41,16.41,-16.41,16.41,-54.14572048,-151.8158104
3.5,-24.41,-24.41,24.41,54.41,-16.41,16.41,-16.41,16.41,-52.99601627,-158.4939166
3.5,-24.41,-24.41,24.41,69.41,-16.41,16.41,-16.41,16.41,-53.1092883,-118.8914252
3.5,-24.41,-24.41,24.41,75.01,-16.41,16.41,-16.41,16.41,-53.66371552,-134.3722236
3.5,-24.41,-24.41,24.41,24.41,-16.41,16.41,-16.41,31.41,-55.68468576,-149.1405726
3.5,-24.41,-24.41,24.41,39.41,-16.41,16.41,-16.41,31.41,-54.25757465,-154.9556264
3.5,-24.41,-24.41,24.41,54.41,-16.41,16.41,-16.41,31.41,-56.17289128,-114.5149026
3.5,-24.41,-24.41,24.41,69.41,-16.41,16.41,-16.41,31.41,-56.04511787,-123.9006406
3.5,-24.41,-24.41,24.41,75.01,-16.41,16.41,-16.41,31.41,-58.93831572,-133.8782733
3.5,-24.41,-24.41,24.41,24.41,-16.41,16.41,-16.41,46.41,-56.01018599,-146.507579
3.5,-24.41,-24.41,24.41,39.41,-16.41,16.41,-16.41,46.41,-53.06201109,-152.2643246
3.5,-24.41,-24.41,24.41,54.41,-16.41,16.41,-16.41,46.41,-53.57051883,-120.9595957
3.5,-24.41,-24.41,24.41,69.41,-16.41,16.41,-16.41,46.41,-53.15955028,-128.0545894
3.5,-24.41,-24.41,24.41,75.01,-16.41,16.41,-16.41,46.41,-51.66551168,-136.995717
3.5,-24.41,-24.41,24.41,24.41,-16.41,16.41,-16.41,61.41,-58.31019627,-146.3706249
3.5,-24.41,-24.41,24.41,39.41,-16.41,16.41,-16.41,61.41,-53.73302749,-151.8065327
3.5,-24.41,-24.41,24.41,54.41,-16.41,16.41,-16.41,61.41,-60.27457861,-125.6207055
3.5,-24.41,-24.41,24.41,69.41,-16.41,16.41,-16.41,61.41,-53.24644554,-132.2423802
3.5,-24.41,-24.41,24.41,75.01,-16.41,16.41,-16.41,61.41,-52.22789151,-139.4450837
3.5,-24.41,-24.41,24.41,24.41,-16.41,16.41,-16.41,76.41,-53.60791119,-148.9148004
3.5,-24.41,-24.41,24.41,39.41,-16.41,16.41,-16.41,76.41,-52.07413234,-153.9567425
3.5,-24.41,-24.41,24.41,54.41,-16.41,16.41,-16.41,76.41,-53.66086453,-129.296151
3.5,-24.41,-24.41,24.41,69.41,-16.41,16.41,-16.41,76.41,-54.49108958,-134.0300544
3.5,-24.41,-24.41,24.41,75.01,-16.41,16.41,-16.41,76.41,-53.67236562,-140.8856145
3.5,-24.41,-24.41,24.41,24.41,-16.41,16.41,-16.41,91.41,-55.60563556,-149.7169083
3.5,-24.41,-24.41,24.41,39.41,-16.41,16.41,-16.41,91.41,-54.28523655,-154.5269895
3.5,-24.41,-24.41,24.41,54.41,-16.41,16.41,-16.41,91.41,-54.85366638,-132.933957
3.5,-24.41,-24.41,24.41,69.41,-16.41,16.41,-16.41,91.41,-56.72610859,-137.2912016
3.5,-24.41,-24.41,24.41,75.01,-16.41,16.41,-16.41,91.41,-56.12985133,-143.5146484
3.5,-24.41,-24.41,24.41,24.41,-16.41,16.41,-16.41,106.41,-53.91275431,-151.8665782
3.5,-24.41,-24.41,24.41,39.41,-16.41,16.41,-16.41,106.41,-58.87388268,-154.8917293
3.5,-24.41,-24.41,24.41,54.41,-16.41,16.41,-16.41,106.41,-52.67660808,-140.1848028
3.5,-24.41,-24.41,24.41,69.41,-16.41,16.41,-16.41,106.41,-53.40516979,-143.560832
3.5,-24.41,-24.41,24.41,75.01,-16.41,16.41,-16.41,106.41,-55.45804176,-147.6972759
3.5,-24.41,-24.41,24.41,24.41,-16.41,16.41,-16.41,121.41,-53.58318326,-154.7444163
3.5,-24.41,-24.41,24.41,39.41,-16.41,16.41,-16.41,121.41,-55.653756,-157.8903424
3.5,-24.41,-24.41,24.41,54.41,-16.41,16.41,-16.41,121.41,-53.9149474,-142.3958409
3.5,-24.41,-24.41,24.41,69.41,-16.41,16.41,-16.41,121.41,-60.47067039,-143.7808535
3.5,-24.41,-24.41,24.41,75.01,-16.41,16.41,-16.41,121.41,-53.10257037,-148.9212687
3.5,-24.41,-24.41,24.41,24.41,-16.41,16.41,-16.41,131.41,-54.53313253,-156.2227295
3.5,-24.41,-24.41,24.41,39.41,-16.41,16.41,-16.41,131.41,-55.48728375,-160.3104239
3.5,-24.41,-24.41,24.41,54.41,-16.41,16.41,-16.41,131.41,-53.44274318,-142.8423893
3.5,-24.41,-24.41,24.41,69.41,-16.41,16.41,-16.41,131.41,-50.74458316,-146.2021862
3.5,-24.41,-24.41,24.41,75.01,-16.41,16.41,-16.41,131.41,-53.01156651,-150.8093945
3.5,-75.01,-24.41,24.41,24.41,-16.41,16.41,-16.41,16.41,-52.2563603,-158.6833947
3.5,-60.01,-24.41,24.41,24.41,-16.41,16.41,-16.41,16.41,-51.37825552,-162.3719212
3.5,-45.01,-24.41,24.41,24.41,-16.41,16.41,-16.41,16.41,-54.69931946,-151.3906319
3.5,-30.01,-24.41,24.41,24.41,-16.41,16.41,-16.41,16.41,-53.84503141,-137.5511542
3.5,-75.01,-24.41,24.41,24.41,-131.41,16.41,-16.41,16.41,-51.81975487,-124.4444847
3.5,-60.01,-24.41,24.41,24.41,-131.41,16.41,-16.41,16.41,-55.12536661,-107.694697
3.5,-45.01,-24.41,24.41,24.41,-131.41,16.41,-16.41,16.41,-52.40023985,-164.3448208
3.5,-30.01,-24.41,24.41,24.41,-131.41,16.41,-16.41,16.41,-50.11681513,-154.6543556
3.5,-24.41,-24.41,24.41,24.41,-131.41,16.41,-16.41,16.41,-54.18861425,-147.3273056
3.5,-75.01,-24.41,24.41,24.41,-116.41,16.41,-16.41,16.41,-50.62055137,-143.9102046
3.5,-60.01,-24.41,24.41,24.41,-116.41,16.41,-16.41,16.41,-56.31726479,-141.9949535
3.5,-45.01,-24.41,24.41,24.41,-116.41,16.41,-16.41,16.41,-54.06768444,-164.1863403
3.5,-30.01,-24.41,24.41,24.41,-116.41,16.41,-16.41,16.41,-56.86104495,-152.6218046
3.5,-24.41,-24.41,24.41,24.41,-116.41,16.41,-16.41,16.41,-56.39231996,-147.5208216
3.5,-75.01,-24.41,24.41,24.41,-101.41,16.41,-16.41,16.41,-54.49843069,-144.4488502
3.5,-60.01,-24.41,24.41,24.41,-101.41,16.41,-16.41,16.41,-53.36756051,-143.6325239
3.5,-45.01,-24.41,24.41,24.41,-101.41,16.41,-16.41,16.41,-53.13012928,-160.9084013
3.5,-30.01,-24.41,24.41,24.41,-101.41,16.41,-16.41,16.41,-57.28180099,-151.0812546
3.5,-24.41,-24.41,24.41,24.41,-101.41,16.41,-16.41,16.41,-52.49163799,-145.5124197
3.5,-75.01,-24.41,24.41,24.41,-86.41,16.41,-16.41,16.41,-56.11761514,-139.7223949
3.5,-60.01,-24.41,24.41,24.41,-86.41,16.41,-16.41,16.41,-54.21560928,-138.4070124
3.5,-45.01,-24.41,24.41,24.41,-86.41,16.41,-16.41,16.41,-54.53659228,-158.9608778
3.5,-30.01,-24.41,24.41,24.41,-86.41,16.41,-16.41,16.41,-55.79558298,-147.5803226
3.5,-24.41,-24.41,24.41,24.41,-86.41,16.41,-16.41,16.41,-53.3638799,-139.9825387
3.5,-75.01,-24.41,24.41,24.41,-71.41,16.41,-16.41,16.41,-51.1505328,-134.5212417
3.5,-60.01,-24.41,24.41,24.41,-71.41,16.41,-16.41,16.41,-56.3746575,-131.9158375
3.5,-45.01,-24.41,24.41,24.41,-71.41,16.41,-16.41,16.41,-53.36259088,-159.4026196
3.5,-30.01,-24.41,24.41,24.41,-71.41,16.41,-16.41,16.41,-53.80528669,-146.1769088
3.5,-24.41,-24.41,24.41,24.41,-71.41,16.41,-16.41,16.41,-56.50124307,-137.4981308
3.5,-75.01,-24.41,24.41,24.41,-56.41,16.41,-16.41,16.41,-54.38221571,-131.8042528
3.5,-60.01,-24.41,24.41,24.41,-56.41,16.41,-16.41,16.41,-55.38743332,-129.792938
3.5,-45.01,-24.41,24.41,24.41,-56.41,16.41,-16.41,16.41,-50.18886195,-157.5070565
3.5,-30.01,-24.41,24.41,24.41,-56.41,16.41,-16.41,16.41,-54.56189074,-144.3108402
3.5,-24.41,-24.41,24.41,24.41,-56.41,16.41,-16.41,16.41,-53.63805736,-135.5837621
3.5,-75.01,-24.41,24.41,24.41,-41.41,16.41,-16.41,16.41,-54.85878454,-128.2148043
3.5,-60.01,-24.41,24.41,24.41,-41.41,16.41,-16.41,16.41,-53.17259326,-126.2116171
3.5,-45.01,-24.41,24.41,24.41,-41.41,16.41,-16.41,16.41,-57.54463653,-153.6826173
3.5,-30.01,-24.41,24.41,24.41,-41.41,16.41,-16.41,16.41,-55.40500404,-141.3146024
3.5,-24.41,-24.41,24.41,24.41,-41.41,16.41,-16.41,16.41,-54.18543945,-131.0436652
3.5,-75.01,-24.41,24.41,24.41,-26.41,16.41,-16.41,16.41,-52.62710163,-122.5007803
3.5,-60.01,-24.41,24.41,24.41,-26.41,16.41,-16.41,16.41,-52.87904963,-119.5798563
3.5,-45.01,-24.41,24.41,24.41,-26.41,16.41,-16.41,16.41,-53.59865481,-153.7907671
3.5,-30.01,-24.41,24.41,24.41,-26.41,16.41,-16.41,16.41,-60.35371055,-139.2355043
3.5,-24.41,-24.41,24.41,24.41,-26.41,16.41,-16.41,16.41,-51.69987253,-128.8171915
3.55,-24.41,-75.01,24.41,24.41,-16.41,16.41,-16.41,16.41,-61.18750441,-156.9855272
3.55,-24.41,-75.01,24.41,24.41,-16.41,31.41,-16.41,16.41,-67.18224864,-154.4860975
3.55,-24.41,-75.01,24.41,24.41,-16.41,46.41,-16.41,16.41,-67.43130759,-153.614157
3.55,-24.41,-75.01,24.41,24.41,-16.41,46.41,-16.41,16.41,-68.60937422,-155.9697761
3.55,-24.41,-75.01,24.41,24.41,-16.41,106.41,-16.41,16.41,-63.75533103,-155.93951
3.55,-24.41,-75.01,24.41,24.41,-16.41,121.41,-16.41,16.41,-66.5056975,-155.3538743
3.55,-24.41,-75.01,24.41,24.41,-16.41,131.41,-16.41,16.41,-67.99523518,-156.9410297
3.55,-24.41,-60.01,24.41,24.41,-16.41,16.41,-16.41,16.41,-68.7706428,-159.535555
3.55,-24.41,-60.01,24.41,24.41,-16.41,31.41,-16.41,16.41,-64.31673491,-161.1730016
3.55,-24.41,-60.01,24.41,24.41,-16.41,46.41,-16.41,16.41,-63.17213698,-139.6144801
3.55,-24.41,-60.01,24.41,24.41,-16.41,61.41,-16.41,16.41,-62.29740611,-140.1217394
3.55,-24.41,-60.01,24.41,24.41,-16.41,76.41,-16.41,16.41,-64.12472444,-141.3492833
3.55,-24.41,-60.01,24.41,24.41,-16.41,91.41,-16.41,16.41,-68.51129714,-143.3656825
3.55,-24.41,-60.01,24.41,24.41,-16.41,106.41,-16.41,16.41,-66.70350832,-143.5992093
3.55,-24.41,-60.01,24.41,24.41,-16.41,121.41,-16.41,16.41,-65.44655679,-145.8651977
3.55,-24.41,-60.01,24.41,24.41,-16.41,131.41,-16.41,16.41,-61.96130086,-148.779066
3.55,-24.41,-45.01,24.41,24.41,-16.41,16.41,-16.41,16.41,-67.58945555,-148.7615384
3.55,-24.41,-45.01,24.41,24.41,-16.41,31.41,-16.41,16.41,-66.2814864,-151.4513234
3.55,-24.41,-45.01,24.41,24.41,-16.41,46.41,-16.41,16.41,-63.64472263,-123.5521361
3.55,-24.41,-45.01,24.41,24.41,-16.41,61.41,-16.41,16.41,-63.17321631,-128.8825924
3.55,-24.41,-45.01,24.41,24.41,-16.41,76.41,-16.41,16.41,-66.79612015,-131.9763701
3.55,-24.41,-45.01,24.41,24.41,-16.41,91.41,-16.41,16.41,-61.22112555,-135.9987167
3.55,-24.41,-45.01,24.41,24.41,-16.41,106.41,-16.41,16.41,-62.94385849,-136.1441768
3.55,-24.41,-45.01,24.41,24.41,-16.41,121.41,-16.41,16.41,-64.1191116,-138.7840018
3.55,-24.41,-45.01,24.41,24.41,-16.41,131.41,-16.41,16.41,-69.07068375,-143.3265285
3.55,-24.41,-30.01,24.41,24.41,-16.41,16.41,-16.41,16.41,-61.76112218,-144.1463767
3.55,-24.41,-30.01,24.41,24.41,-16.41,31.41,-16.41,16.41,-67.96849628,-144.8859708
3.55,-24.41,-30.01,24.41,24.41,-16.41,46.41,-16.41,16.41,-67.09443577,-104.6649348
3.55,-24.41,-30.01,24.41,24.41,-16.41,61.41,-16.41,16.41,-62.82408426,-119.9694886
3.55,-24.41,-30.01,24.41,24.41,-16.41,76.41,-16.41,16.41,-67.79323353,-124.328254
3.55,-24.41,-30.01,24.41,24.41,-16.41,91.41,-16.41,16.41,-65.69445977,-129.6810434
3.55,-24.41,-30.01,24.41,24.41,-16.41,106.41,-16.41,16.41,-68.09786775,-130.6955618
3.55,-24.41,-30.01,24.41,24.41,-16.41,121.41,-16.41,16.41,-67.63406937,-133.3134636
3.55,-24.41,-30.01,24.41,24.41,-16.41,131.41,-16.41,16.41,-63.47764908,-139.7433455
3.55,-24.41,-24.41,24.41,24.41,-16.41,16.41,-16.41,16.41,-64.86006821,-141.3269832
3.55,-24.41,-24.01,24.41,24.41,-16.41,16.41,-16.41,16.41,-66.0038456,-141.5229925
3.55,-24.41,-24.01,24.41,24.41,-16.41,31.41,-16.41,16.41,-84.80780939,-97.78744161
3.55,-24.41,-24.01,24.41,24.41,-16.41,46.41,-16.41,16.41,-67.32311603,-97.39184378
3.55,-24.41,-24.01,24.41,24.41,-16.41,61.41,-16.41,16.41,-61.9690025,-116.0628055
3.55,-24.41,-24.01,24.41,24.41,-16.41,76.41,-16.41,16.41,-64.86897107,-121.5522558
3.55,-24.41,-24.01,24.41,24.41,-16.41,91.41,-16.41,16.41,-64.49733425,-127.5717541
3.55,-24.41,-24.01,24.41,24.41,-16.41,106.41,-16.41,16.41,-65.04731691,-129.0637152
3.55,-24.41,-24.01,24.41,24.41,-16.41,121.41,-16.41,16.41,-63.18197364,-131.9047696
3.55,-24.41,-24.01,24.41,24.41,-16.41,131.41,-16.41,16.41,-67.48202183,-138.2411079
3.55,-24.41,-24.41,24.01,24.41,-16.41,16.41,-16.41,16.41,-64.57592292,-140.686042
3.55,-24.41,-24.41,39.01,24.41,-16.41,16.41,-16.41,16.41,-67.05536451,-140.5399018
3.55,-24.41,-24.41,54.01,24.41,-16.41,16.41,-16.41,16.41,-74.13640698,-97.26971187
3.55,-24.41,-24.41,69.01,24.41,-16.41,16.41,-16.41,16.41,-66.05266397,-116.9176576
3.55,-24.41,-24.41,75.01,24.41,-16.41,16.41,-16.41,16.41,-65.57617136,-132.9845527
3.55,-24.41,-24.41,24.01,24.41,-16.41,16.41,-131.41,16.41,-65.81618868,-148.0055863
3.55,-24.41,-24.41,39.01,24.41,-16.41,16.41,-131.41,16.41,-64.63034082,-154.5072004
3.55,-24.41,-24.41,54.01,24.41,-16.41,16.41,-131.41,16.41,-61.99675186,-139.7938006
3.55,-24.41,-24.41,69.01,24.41,-16.41,16.41,-131.41,16.41,-62.40075311,-142.3434459
3.55,-24.41,-24.41,75.01,24.41,-16.41,16.41,-131.41,16.41,-62.92599035,-147.0725803
3.55,-24.41,-24.41,24.01,24.41,-16.41,16.41,-116.41,16.41,-67.18075853,-154.6626632
3.55,-24.41,-24.41,39.01,24.41,-16.41,16.41,-116.41,16.41,-57.51346552,-158.9143666
3.55,-24.41,-24.41,54.01,24.41,-16.41,16.41,-116.41,16.41,-69.52321307,-140.6829411
3.55,-24.41,-24.41,69.01,24.41,-16.41,16.41,-116.41,16.41,-65.28075131,-143.209367
3.55,-24.41,-24.41,75.01,24.41,-16.41,16.41,-116.41,16.41,-61.69859433,-146.9266781
3.55,-24.41,-24.41,24.01,24.41,-16.41,16.41,-101.41,16.41,-65.20172725,-153.0358252
3.55,-24.41,-24.41,39.01,24.41,-16.41,16.41,-101.41,16.41,-66.04433987,-156.8675602
3.55,-24.41,-24.41,54.01,24.41,-16.41,16.41,-101.41,16.41,-65.52398613,-136.093069
3.55,-24.41,-24.41,69.01,24.41,-16.41,16.41,-101.41,16.41,-63.8088186,-140.5193274
3.55,-24.41,-24.41,75.01,24.41,-16.41,16.41,-101.41,16.41,-65.32249749,-146.0658158
3.55,-24.41,-24.41,24.01,24.41,-16.41,16.41,-86.41,16.41,-64.49959949,-152.8445714
3.55,-24.41,-24.41,39.01,24.41,-16.41,16.41,-86.41,16.41,-61.45887646,-156.3552253
3.55,-24.41,-24.41,54.01,24.41,-16.41,16.41,-86.41,16.41,-60.29596222,-130.4815906
3.55,-24.41,-24.41,69.01,24.41,-16.41,16.41,-86.41,16.41,-63.05978464,-134.847811
3.55,-24.41,-24.41,75.01,24.41,-16.41,16.41,-86.41,16.41,-64.45609079,-141.5143549
3.55,-24.41,-24.41,24.01,24.41,-16.41,16.41,-71.41,16.41,-63.40647002,-150.7312638
3.55,-24.41,-24.41,39.01,24.41,-16.41,16.41,-71.41,16.41,-67.46172587,-154.7367423
3.55,-24.41,-24.41,54.01,24.41,-16.41,16.41,-71.41,16.41,-66.88118119,-128.6065191
3.55,-24.41,-24.41,69.01,24.41,-16.41,16.41,-71.41,16.41,-66.18154409,-133.9487578
3.55,-24.41,-24.41,75.01,24.41,-16.41,16.41,-71.41,16.41,-62.61825958,-140.8393483
3.55,-24.41,-24.41,24.01,24.41,-16.41,16.41,-56.41,16.41,-66.71711585,-150.7818447
3.55,-24.41,-24.41,39.01,24.41,-16.41,16.41,-56.41,16.41,-63.34306792,-156.1465322
3.55,-24.41,-24.41,54.01,24.41,-16.41,16.41,-56.41,16.41,-67.05930949,-125.347472
3.55,-24.41,-24.41,69.01,24.41,-16.41,16.41,-56.41,16.41,-66.35835713,-132.4041077
3.55,-24.41,-24.41,75.01,24.41,-16.41,16.41,-56.41,16.41,-62.21042929,-140.888667
3.55,-24.41,-24.41,24.01,24.41,-16.41,16.41,-41.41,16.41,-62.58762938,-151.0804219
3.55,-24.41,-24.41,39.01,24.41,-16.41,16.41,-41.41,16.41,-65.57337912,-156.1165878
3.55,-24.41,-24.41,54.01,24.41,-16.41,16.41,-41.41,16.41,-68.26065217,-117.9471501
3.55,-24.41,-24.41,69.01,24.41,-16.41,16.41,-41.41,16.41,-62.94836471,-126.5584441
3.55,-24.41,-24.41,75.01,24.41,-16.41,16.41,-41.41,16.41,-63.63896632,-136.5482131
3.55,-24.41,-24.41,24.01,24.41,-16.41,16.41,-26.41,16.41,-65.69067009,-148.2965178
3.55,-24.41,-24.41,39.01,24.41,-16.41,16.41,-26.41,16.41,-65.73148812,-153.5728804
3.55,-24.41,-24.41,54.01,24.41,-16.41,16.41,-26.41,16.41,-57.06210539,-112.6572537
3.55,-24.41,-24.41,69.01,24.41,-16.41,16.41,-26.41,16.41,-62.82733104,-123.4404797
3.55,-24.41,-24.41,75.01,24.41,-16.41,16.41,-26.41,16.41,-63.44788199,-134.8642383
3.55,-24.41,-24.41,24.41,39.41,-16.41,16.41,-16.41,16.41,-65.52752139,-148.2350866
3.55,-24.41,-24.41,24.41,54.41,-16.41,16.41,-16.41,16.41,-67.11551428,-154.3828887
3.55,-24.41,-24.41,24.41,69.41,-16.41,16.41,-16.41,16.41,-64.88715088,-117.0475914
3.55,-24.41,-24.41,24.41,75.01,-16.41,16.41,-16.41,16.41,-65.56581972,-132.7364212
3.55,-24.41,-24.41,24.41,24.41,-16.41,16.41,-16.41,31.41,-63.50613472,-147.8891207
3.55,-24.41,-24.41,24.41,39.41,-16.41,16.41,-16.41,31.41,-65.64631602,-154.010816
3.55,-24.41,-24.41,24.41,54.41,-16.41,16.41,-16.41,31.41,-62.58798663,-114.7256612
3.55,-24.41,-24.41,24.41,69.41,-16.41,16.41,-16.41,31.41,-64.662222,-123.8790859
3.55,-24.41,-24.41,24.41,75.01,-16.41,16.41,-16.41,31.41,-61.20256709,-134.0543702
3.55,-24.41,-24.41,24.41,24.41,-16.41,16.41,-16.41,46.41,-63.6080647,-145.9255865
3.55,-24.41,-24.41,24.41,39.41,-16.41,16.41,-16.41,46.41,-67.40651831,-150.9647352
3.55,-24.41,-24.41,24.41,54.41,-16.41,16.41,-16.41,46.41,-65.85119831,-120.1810387
3.55,-24.41,-24.41,24.41,69.41,-16.41,16.41,-16.41,46.41,-66.75255414,-127.4926346
3.55,-24.41,-24.41,24.41,75.01,-16.41,16.41,-16.41,46.41,-69.59178875,-136.0595518
3.55,-24.41,-24.41,24.41,24.41,-16.41,16.41,-16.41,61.41,-60.33827628,-147.1604952
3.55,-24.41,-24.41,24.41,39.41,-16.41,16.41,-16.41,61.41,-66.26274033,-151.3269552
3.55,-24.41,-24.41,24.41,54.41,-16.41,16.41,-16.41,61.41,-59.05786177,-126.9194074
3.55,-24.41,-24.41,24.41,69.41,-16.41,16.41,-16.41,61.41,-67.43502454,-132.4636679
3.55,-24.41,-24.41,24.41,75.01,-16.41,16.41,-16.41,61.41,-68.860864,-139.2440097
3.55,-24.41,-24.41,24.41,24.41,-16.41,16.41,-16.41,76.41,-66.25468834,-148.54006
3.55,-24.41,-24.41,24.41,39.41,-16.41,16.41,-16.41,76.41,-68.58353732,-153.0457152
3.55,-24.41,-24.41,24.41,54.41,-16.41,16.41,-16.41,76.41,-67.11987711,-129.2090258
3.55,-24.41,-24.41,24.41,69.41,-16.41,16.41,-16.41,76.41,-66.0275594,-134.2411473
3.55,-24.41,-24.41,24.41,75.01,-16.41,16.41,-16.41,76.41,-67.71426663,-140.4826395
3.55,-24.41,-24.41,24.41,24.41,-16.41,16.41,-16.41,91.41,-64.10642898,-149.5783933
3.55,-24.41,-24.41,24.41,39.41,-16.41,16.41,-16.41,91.41,-66.10908923,-154.1352718
3.55,-24.41,-24.41,24.41,54.41,-16.41,16.41,-16.41,91.41,-64.52702303,-132.4669121
3.55,-24.41,-24.41,24.41,69.41,-16.41,16.41,-16.41,91.41,-62.42402627,-137.3027989
3.55,-24.41,-24.41,24.41,75.01,-16.41,16.41,-16.41,91.41,-62.99458948,-143.3387864
3.55,-24.41,-24.41,24.41,24.41,-16.41,16.41,-16.41,106.41,-66.36565894,-151.2799207
3.55,-24.41,-24.41,24.41,39.41,-16.41,16.41,-16.41,106.41,-60.08223386,-155.7806684
3.55,-24.41,-24.41,24.41,54.41,-16.41,16.41,-16.41,106.41,-67.88481003,-139.1099676
3.55,-24.41,-24.41,24.41,69.41,-16.41,16.41,-16.41,106.41,-66.73332026,-142.8958081
3.55,-24.41,-24.41,24.41,75.01,-16.41,16.41,-16.41,106.41,-63.76482621,-147.7215502
3.55,-24.41,-24.41,24.41,24.41,-16.41,16.41,-16.41,121.41,-66.28299933,-154.3451915
3.55,-24.41,-24.41,24.41,39.41,-16.41,16.41,-16.41,121.41,-63.10482789,-158.0816482
3.55,-24.41,-24.41,24.41,54.41,-16.41,16.41,-16.41,121.41,-67.23191708,-141.8786971
3.55,-24.41,-24.41,24.41,69.41,-16.41,16.41,-16.41,121.41,-58.99998174,-144.7335372
3.55,-24.41,-24.41,24.41,75.01,-16.41,16.41,-16.41,121.41,-68.90155169,-147.86187
3.55,-24.41,-24.41,24.41,24.41,-16.41,16.41,-16.41,131.41,-66.00272718,-155.329076
3.55,-24.41,-24.41,24.41,39.41,-16.41,16.41,-16.41,131.41,-64.21010695,-159.7043759
3.55,-24.41,-24.41,24.41,54.41,-16.41,16.41,-16.41,131.41,-62.94505706,-142.0654999
3.55,-24.41,-24.41,24.41,69.41,-16.41,16.41,-16.41,131.41,-66.88631881,-144.4012238
3.55,-24.41,-24.41,24.41,75.01,-16.41,16.41,-16.41,131.41,-63.73543646,-149.4297917
3.55,-75.01,-24.41,24.41,24.41,-16.41,16.41,-16.41,16.41,-64.8970135,-157.0038023
3.55,-60.01,-24.41,24.41,24.41,-16.41,16.41,-16.41,16.41,-66.61503998,-160.6205116
3.55,-45.01,-24.41,24.41,24.41,-16.41,16.41,-16.41,16.41,-64.80950828,-153.3411992
3.55,-30.01,-24.41,24.41,24.41,-16.41,16.41,-16.41,16.41,-65.2125799,-138.2852843
3.55,-75.01,-24.41,24.41,24.41,-131.41,16.41,-16.41,16.41,-66.92098161,-124.3677859
3.55,-60.01,-24.41,24.41,24.41,-131.41,16.41,-16.41,16.41,-65.45535985,-105.8386785
3.55,-45.01,-24.41,24.41,24.41,-131.41,16.41,-16.41,16.41,-64.81653506,-164.0353111
3.55,-30.01,-24.41,24.41,24.41,-131.41,16.41,-16.41,16.41,-67.02748955,-153.3096318
3.55,-24.41,-24.41,24.41,24.41,-131.41,16.41,-16.41,16.41,-60.90604592,-147.0784326
3.55,-75.01,-24.41,24.41,24.41,-116.41,16.41,-16.41,16.41,-66.36365642,-142.6952669
3.55,-60.01,-24.41,24.41,24.41,-116.41,16.41,-16.41,16.41,-58.88434459,-142.279563
3.55,-45.01,-24.41,24.41,24.41,-116.41,16.41,-16.41,16.41,-65.77158709,-164.4194462
3.55,-30.01,-24.41,24.41,24.41,-116.41,16.41,-16.41,16.41,-62.5055802,-153.2191144
3.55,-24.41,-24.41,24.41,24.41,-116.41,16.41,-16.41,16.41,-63.85025369,-147.9595373
3.55,-75.01,-24.41,24.41,24.41,-101.41,16.41,-16.41,16.41,-65.74195083,-144.5956473
3.55,-60.01,-24.41,24.41,24.41,-101.41,16.41,-16.41,16.41,-67.61639283,-143.5016445
3.55,-45.01,-24.41,24.41,24.41,-101.41,16.41,-16.41,16.41,-66.55871188,-161.4885108
3.55,-30.01,-24.41,24.41,24.41,-101.41,16.41,-16.41,16.41,-61.19395948,-152.3182671
3.55,-24.41,-24.41,24.41,24.41,-101.41,16.41,-16.41,16.41,-67.77222393,-145.3652923
3.55,-75.01,-24.41,24.41,24.41,-86.41,16.41,-16.41,16.41,-62.51068711,-140.4278295
3.55,-60.01,-24.41,24.41,24.41,-86.41,16.41,-16.41,16.41,-64.95939487,-138.6042101
3.55,-45.01,-24.41,24.41,24.41,-86.41,16.41,-16.41,16.41,-65.60215618,-159.7944871
3.55,-30.01,-24.41,24.41,24.41,-86.41,16.41,-16.41,16.41,-63.61789383,-148.0005823
3.55,-24.41,-24.41,24.41,24.41,-86.41,16.41,-16.41,16.41,-67.05270831,-139.8246221
3.55,-75.01,-24.41,24.41,24.41,-71.41,16.41,-16.41,16.41,-70.47848225,-133.9496643
3.55,-60.01,-24.41,24.41,24.41,-71.41,16.41,-16.41,16.41,-62.56608605,-132.7015175
3.55,-45.01,-24.41,24.41,24.41,-71.41,16.41,-16.41,16.41,-66.52475044,-159.6609805
3.55,-30.01,-24.41,24.41,24.41,-71.41,16.41,-16.41,16.41,-66.44710946,-146.2126968
3.55,-24.41,-24.41,24.41,24.41,-71.41,16.41,-16.41,16.41,-62.62366303,-138.8496316
3.55,-75.01,-24.41,24.41,24.41,-56.41,16.41,-16.41,16.41,-65.95337744,-132.7579359
3.55,-60.01,-24.41,24.41,24.41,-56.41,16.41,-16.41,16.41,-64.32559822,-130.9872763
3.55,-45.01,-24.41,24.41,24.41,-56.41,16.41,-16.41,16.41,-71.6582276,-156.4441793
3.55,-30.01,-24.41,24.41,24.41,-56.41,16.41,-16.41,16.41,-64.81640213,-144.7689853
3.55,-24.41,-24.41,24.41,24.41,-56.41,16.41,-16.41,16.41,-66.15112514,-136.1646036
3.55,-75.01,-24.41,24.41,24.41,-41.41,16.41,-16.41,16.41,-64.30147429,-128.9586143
3.55,-60.01,-24.41,24.41,24.41,-41.41,16.41,-16.41,16.41,-66.62104824,-126.31721
3.55,-45.01,-24.41,24.41,24.41,-41.41,16.41,-16.41,16.41,-61.48509864,-154.8341417
3.55,-30.01,-24.41,24.41,24.41,-41.41,16.41,-16.41,16.41,-63.85825344,-141.5266422
3.55,-24.41,-24.41,24.41,24.41,-41.41,16.41,-16.41,16.41,-65.46552065,-131.0407016
3.55,-75.01,-24.41,24.41,24.41,-26.41,16.41,-16.41,16.41,-67.17594677,-122.1753644
3.55,-60.01,-24.41,24.41,24.41,-26.41,16.41,-16.41,16.41,-66.36293239,-119.3353361
3.55,-45.01,-24.41,24.41,24.41,-26.41,16.41,-16.41,16.41,-66.28206671,-154.0384645
3.55,-30.01,-24.41,24.41,24.41,-26.41,16.41,-16.41,16.41,-58.85004837,-140.1286478
3.6,-24.41,-75.01,24.41,24.41,-16.41,16.41,-16.41,16.41,-26.18548321,-168.0376099
3.6,-24.41,-75.01,24.41,24.41,-16.41,31.41,-16.41,16.41,-27.46349704,-165.5266641
3.6,-24.41,-75.01,24.41,24.41,-16.41,46.41,-16.41,16.41,-27.56173369,-164.5198022
3.6,-24.41,-75.01,24.41,24.41,-16.41,46.41,-16.41,16.41,-27.77140584,-165.6682107
3.6,-24.41,-75.01,24.41,24.41,-16.41,106.41,-16.41,16.41,-26.78691234,-166.2629736
3.6,-24.41,-75.01,24.41,24.41,-16.41,121.41,-16.41,16.41,-27.37202187,-165.7228426
3.6,-24.41,-75.01,24.41,24.41,-16.41,131.41,-16.41,16.41,-27.6316786,-167.3731917
3.6,-24.41,-60.01,24.41,24.41,-16.41,16.41,-16.41,16.41,-27.94754048,-170.6204719
3.6,-24.41,-60.01,24.41,24.41,-16.41,31.41,-16.41,16.41,-26.87675189,-173.3128965
3.6,-24.41,-60.01,24.41,24.41,-16.41,46.41,-16.41,16.41,-26.50739726,-151.6638555
3.6,-24.41,-60.01,24.41,24.41,-16.41,61.41,-16.41,16.41,-26.30977592,-152.5661389
3.6,-24.41,-60.01,24.41,24.41,-16.41,76.41,-16.41,16.41,-26.7250339,-153.6045892
3.6,-24.41,-60.01,24.41,24.41,-16.41,91.41,-16.41,16.41,-27.76516251,-154.2475499
3.6,-24.41,-60.01,24.41,24.41,-16.41,106.41,-16.41,16.41,-27.38620399,-154.238143
3.6,-24.41,-60.01,24.41,24.41,-16.41,121.41,-16.41,16.41,-27.03764547,-156.8549192
3.6,-24.41,-60.01,24.41,24.41,-16.41,131.41,-16.41,16.41,-26.19372078,-160.5910337
3.6,-24.41,-45.01,24.41,24.41,-16.41,16.41,-16.41,16.41,-27.65258517,-159.9977147
3.6,-24.41,-45.01,24.41,24.41,-16.41,31.41,-16.41,16.41,-27.27342879,-162.9962651
3.6,-24.41,-45.01,24.41,24.41,-16.41,46.41,-16.41,16.41,-26.51651411,-136.724779
3.6,-24.41,-45.01,24.41,24.41,-16.41,61.41,-16.41,16.41,-26.64523888,-141.7464017
3.6,-24.41,-45.01,24.41,24.41,-16.41,76.41,-16.41,16.41,-27.29423784,-144.2729005
3.6,-24.41,-45.01,24.41,24.41,-16.41,91.41,-16.41,16.41,-26.14462427,-148.6978834
3.6,-24.41,-45.01,24.41,24.41,-16.41,106.41,-16.41,16.41,-26.65535874,-148.0505357
3.6,-24.41,-45.01,24.41,24.41,-16.41,121.41,-16.41,16.41,-26.77353777,-150.3372947
3.6,-24.41,-45.01,24.41,24.41,-16.41,131.41,-16.41,16.41,-27.89757324,-154.6099141
3.6,-24.41,-30.01,24.41,24.41,-16.41,16.41,-16.41,16.41,-26.25356485,-156.5880655
3.6,-24.41,-30.01,24.41,24.41,-16.41,31.41,-16.41,16.41,-27.59822175,-156.3965082
3.6,-24.41,-30.01,24.41,24.41,-16.41,46.41,-16.41,16.41,-26.98551364,-116.9421954
3.6,-24.41,-30.01,24.41,24.41,-16.41,61.41,-16.41,16.41,-26.57452953,-133.4026461
3.6,-24.41,-30.01,24.41,24.41,-16.41,76.41,-16.41,16.41,-27.58053946,-136.441017
3.6,-24.41,-30.01,24.41,24.41,-16.41,91.41,-16.41,16.41,-27.13803802,-142.1106371
3.6,-24.41,-30.01,24.41,24.41,-16.41,106.41,-16.41,16.41,-27.72347952,-142.6089247
3.6,-24.41,-30.01,24.41,24.41,-16.41,121.41,-16.41,16.41,-27.57205185,-144.7794587
3.6,-24.41,-30.01,24.41,24.41,-16.41,131.41,-16.41,16.41,-26.62271819,-151.8850492
3.6,-24.41,-24.41,24.41,24.41,-16.41,16.41,-16.41,16.41,-27.0286016,-153.7345928
3.6,-24.41,-24.01,24.41,24.41,-16.41,16.41,-16.41,16.41,-27.17225471,-153.6375251
3.6,-24.41,-24.01,24.41,24.41,-16.41,31.41,-16.41,16.41,-30.23422506,-107.5974025
3.6,-24.41,-24.01,24.41,24.41,-16.41,46.41,-16.41,16.41,-26.94652371,-109.2975069
3.6,-24.41,-24.01,24.41,24.41,-16.41,61.41,-16.41,16.41,-26.24476918,-129.8516778
3.6,-24.41,-24.01,24.41,24.41,-16.41,76.41,-16.41,16.41,-26.94235658,-134.0473139
3.6,-24.41,-24.01,24.41,24.41,-16.41,91.41,-16.41,16.41,-26.87243634,-140.140415
3.6,-24.41,-24.01,24.41,24.41,-16.41,106.41,-16.41,16.41,-27.07061132,-141.4960447
3.6,-24.41,-24.01,24.41,24.41,-16.41,121.41,-16.41,16.41,-26.50845051,-144.092844
3.6,-24.41,-24.01,24.41,24.41,-16.41,131.41,-16.41,16.41,-27.54433866,-149.9600785
3.6,-24.41,-24.41,24.01,24.41,-16.41,16.41,-16.41,16.41,-26.91405876,-153.290132
3.6,-24.41,-24.41,39.01,24.41,-16.41,16.41,-16.41,16.41,-27.46230674,-152.6336733
3.6,-24.41,-24.41,54.01,24.41,-16.41,16.41,-16.41,16.41,-28.4716574,-108.1762413
3.6,-24.41,-24.41,69.01,24.41,-16.41,16.41,-16.41,16.41,-27.07794721,-129.9495253
3.6,-24.41,-24.41,75.01,24.41,-16.41,16.41,-16.41,16.41,-27.21730361,-145.3628996
3.6,-24.41,-24.41,24.01,24.41,-16.41,16.41,-131.41,16.41,-27.30167422,-159.0637177
3.6,-24.41,-24.41,39.01,24.41,-16.41,16.41,-131.41,16.41,-27.01495892,-165.3251079
3.6,-24.41,-24.41,54.01,24.41,-16.41,16.41,-131.41,16.41,-26.36702433,-151.802408
3.6,-24.41,-24.41,69.01,24.41,-16.41,16.41,-131.41,16.41,-26.51351776,-153.9323354
3.6,-24.41,-24.41,75.01,24.41,-16.41,16.41,-131.41,16.41,-26.62459372,-158.0929466
3.6,-24.41,-24.41,24.01,24.41,-16.41,16.41,-116.41,16.41,-27.67830878,-164.4215001
3.6,-24.41,-24.41,39.01,24.41,-16.41,16.41,-116.41,16.41,-25.18691743,-169.9853949
3.6,-24.41,-24.41,54.01,24.41,-16.41,16.41,-116.41,16.41,-28.18456036,-152.0528711
3.6,-24.41,-24.41,69.01,24.41,-16.41,16.41,-116.41,16.41,-27.22681741,-154.8610506
3.6,-24.41,-24.41,75.01,24.41,-16.41,16.41,-116.41,16.41,-26.41886076,-158.420681
3.6,-24.41,-24.41,24.01,24.41,-16.41,16.41,-101.41,16.41,-27.21109386,-163.2034826
3.6,-24.41,-24.41,39.01,24.41,-16.41,16.41,-101.41,16.41,-27.35853873,-166.5937409
3.6,-24.41,-24.41,54.01,24.41,-16.41,16.41,-101.41,16.41,-27.23056715,-147.650603
3.6,-24.41,-24.41,69.01,24.41,-16.41,16.41,-101.41,16.41,-26.77161238,-152.1067016
3.6,-24.41,-24.41,75.01,24.41,-16.41,16.41,-101.41,16.41,-27.17970079,-157.0296534
3.6,-24.41,-24.41,24.01,24.41,-16.41,16.41,-86.41,16.41,-26.98176986,-163.0644976
3.6,-24.41,-24.41,39.01,24.41,-16.41,16.41,-86.41,16.41,-26.2798164,-166.6003852
3.6,-24.41,-24.41,54.01,24.41,-16.41,16.41,-86.41,16.41,-25.9015232,-142.6507513
3.6,-24.41,-24.41,69.01,24.41,-16.41,16.41,-86.41,16.41,-26.682031,-146.2017447
3.6,-24.41,-24.41,75.01,24.41,-16.41,16.41,-86.41,16.41,-27.03794629,-152.0445799
3.6,-24.41,-24.41,24.01,24.41,-16.41,16.41,-71.41,16.41,-26.70124286,-160.5736619
3.6,-24.41,-24.41,39.01,24.41,-16.41,16.41,-71.41,16.41,-27.69783799,-163.6087222
3.6,-24.41,-24.41,54.01,24.41,-16.41,16.41,-71.41,16.41,-27.52053344,-140.3878739
3.6,-24.41,-24.41,69.01,24.41,-16.41,16.41,-71.41,16.41,-27.46579847,-145.2260297
3.6,-24.41,-24.41,75.01,24.41,-16.41,16.41,-71.41,16.41,-26.59646317,-151.6040031
3.6,-24.41,-24.41,24.01,24.41,-16.41,16.41,-56.41,16.41,-27.52949634,-159.4742762
3.6,-24.41,-24.41,39.01,24.41,-16.41,16.41,-56.41,16.41,-26.70526464,-164.6521135
3.6,-24.41,-24.41,54.01,24.41,-16.41,16.41,-56.41,16.41,-27.58894618,-137.2023222
3.6,-24.41,-24.41,69.01,24.41,-16.41,16.41,-56.41,16.41,-27.40629548,-144.3271639
3.6,-24.41,-24.41,75.01,24.41,-16.41,16.41,-56.41,16.41,-26.42271391,-152.7469032
3.6,-24.41,-24.41,24.01,24.41,-16.41,16.41,-41.41,16.41,-26.51244625,-161.4902542
3.6,-24.41,-24.41,39.01,24.41,-16.41,16.41,-41.41,16.41,-27.22926067,-165.4582871
3.6,-24.41,-24.41,54.01,24.41,-16.41,16.41,-41.41,16.41,-27.81161033,-129.7498729
3.6,-24.41,-24.41,69.01,24.41,-16.41,16.41,-41.41,16.41,-26.5553572,-138.9665133
3.6,-24.41,-24.41,75.01,24.41,-16.41,16.41,-41.41,16.41,-26.74978865,-148.6846191
3.6,-24.41,-24.41,24.01,24.41,-16.41,16.41,-26.41,16.41,-27.22702277,-159.3516344
3.6,-24.41,-24.41,39.01,24.41,-16.41,16.41,-26.41,16.41,-27.2657079,-164.1254107
3.6,-24.41,-24.41,54.01,24.41,-16.41,16.41,-26.41,16.41,-24.9077584,-127.1577981
3.6,-24.41,-24.41,69.01,24.41,-16.41,16.41,-26.41,16.41,-26.75419981,-136.4897784
3.6,-24.41,-24.41,75.01,24.41,-16.41,16.41,-26.41,16.41,-26.83870611,-146.9941258
3.6,-24.41,-24.41,24.41,39.41,-16.41,16.41,-16.41,16.41,-27.21826103,-158.9896342
3.6,-24.41,-24.41,24.41,54.41,-16.41,16.41,-16.41,16.41,-27.55589178,-164.5068096
3.6,-24.41,-24.41,24.41,69.41,-16.41,16.41,-16.41,16.41,-26.69623387,-130.2111778
3.6,-24.41,-24.41,24.41,75.01,-16.41,16.41,-16.41,16.41,-27.080577,-145.3181873
3.6,-24.41,-24.41,24.41,24.41,-16.41,16.41,-16.41,31.41,-26.69502831,-159.778332
3.6,-24.41,-24.41,24.41,39.41,-16.41,16.41,-16.41,31.41,-27.17230657,-165.4041045
3.6,-24.41,-24.41,24.41,54.41,-16.41,16.41,-16.41,31.41,-26.37756114,-128.3911788
3.6,-24.41,-24.41,24.41,69.41,-16.41,16.41,-16.41,31.41,-27.04072161,-137.7108756
3.6,-24.41,-24.41,24.41,75.01,-16.41,16.41,-16.41,31.41,-26.11404772,-148.4075917
3.6,-24.41,-24.41,24.41,24.41,-16.41,16.41,-16.41,46.41,-26.69184646,-159.9323722
3.6,-24.41,-24.41,24.41,39.41,-16.41,16.41,-16.41,46.41,-27.50664258,-164.5548565
3.6,-24.41,-24.41,24.41,54.41,-16.41,16.41,-16.41,46.41,-27.15368941,-132.8576818
3.6,-24.41,-24.41,24.41,69.41,-16.41,16.41,-16.41,46.41,-27.41277838,-141.1095101
3.6,-24.41,-24.41,24.41,75.01,-16.41,16.41,-16.41,46.41,-27.94635911,-149.9855301
3.6,-24.41,-24.41,24.41,24.41,-16.41,16.41,-16.41,61.41,-25.85465835,-162.39835
3.6,-24.41,-24.41,24.41,39.41,-16.41,16.41,-16.41,61.41,-27.32810324,-165.7642365
3.6,-24.41,-24.41,24.41,54.41,-16.41,16.41,-16.41,61.41,-25.50111659,-141.2487905
3.6,-24.41,-24.41,24.41,69.41,-16.41,16.41,-16.41,61.41,-27.55771112,-146.8910885
3.6,-24.41,-24.41,24.41,75.01,-16.41,16.41,-16.41,61.41,-27.89115722,-153.790673
3.6,-24.41,-24.41,24.41,24.41,-16.41,16.41,-16.41,76.41,-27.32273367,-163.0601975
3.6,-24.41,-24.41,24.41,39.41,-16.41,16.41,-16.41,76.41,-27.83068308,-167.2565562
3.6,-24.41,-24.41,24.41,54.41,-16.41,16.41,-16.41,76.41,-27.54640761,-142.6093675
3.6,-24.41,-24.41,24.41,69.41,-16.41,16.41,-16.41,76.41,-27.32706851,-148.3010168
3.6,-24.41,-24.41,24.41,75.01,-16.41,16.41,-16.41,76.41,-27.63246411,-154.3447892
3.6,-24.41,-24.41,24.41,24.41,-16.41,16.41,-16.41,91.41,-26.78789357,-163.8628148
3.6,-24.41,-24.41,24.41,39.41,-16.41,16.41,-16.41,91.41,-27.26056463,-168.2813109
3.6,-24.41,-24.41,24.41,54.41,-16.41,16.41,-16.41,91.41,-26.87775975,-145.2554983
3.6,-24.41,-24.41,24.41,69.41,-16.41,16.41,-16.41,91.41,-26.39310756,-150.7909819
3.6,-24.41,-24.41,24.41,75.01,-16.41,16.41,-16.41,91.41,-26.50127844,-157.1120212
3.6,-24.41,-24.41,24.41,24.41,-16.41,16.41,-16.41,106.41,-27.26148257,-164.9538078
3.6,-24.41,-24.41,24.41,39.41,-16.41,16.41,-16.41,106.41,-25.76799888,-170.5671487
3.6,-24.41,-24.41,24.41,54.41,-16.41,16.41,-16.41,106.41,-27.65460269,-151.4087386
3.6,-24.41,-24.41,24.41,69.41,-16.41,16.41,-16.41,106.41,-27.41076092,-155.9726144
3.6,-24.41,-24.41,24.41,75.01,-16.41,16.41,-16.41,106.41,-26.74007069,-161.6471696
3.6,-24.41,-24.41,24.41,24.41,-16.41,16.41,-16.41,121.41,-27.23288242,-168.1316264
3.6,-24.41,-24.41,24.41,39.41,-16.41,16.41,-16.41,121.41,-26.50462752,-172.3403689
3.6,-24.41,-24.41,24.41,54.41,-16.41,16.41,-16.41,121.41,-27.52702948,-154.6251688
3.6,-24.41,-24.41,24.41,69.41,-16.41,16.41,-16.41,121.41,-25.62701746,-158.8659439
3.6,-24.41,-24.41,24.41,75.01,-16.41,16.41,-16.41,121.41,-27.93258076,-160.6882973
3.6,-24.41,-24.41,24.41,24.41,-16.41,16.41,-16.41,131.41,-27.22234356,-168.3323676
3.6,-24.41,-24.41,24.41,39.41,-16.41,16.41,-16.41,131.41,-26.82899053,-172.9560702
3.6,-24.41,-24.41,24.41,54.41,-16.41,16.41,-16.41,131.41,-26.49353826,-154.884369
3.6,-24.41,-24.41,24.41,69.41,-16.41,16.41,-16.41,131.41,-27.43815143,-156.8768857
3.6,-24.41,-24.41,24.41,75.01,-16.41,16.41,-16.41,131.41,-26.65905494,-162.31552
3.6,-75.01,-24.41,24.41,24.41,-16.41,16.41,-16.41,16.41,-26.95975334,-169.6609187
3.6,-60.01,-24.41,24.41,24.41,-16.41,16.41,-16.41,16.41,-27.38015924,-173.1968659
3.6,-45.01,-24.41,24.41,24.41,-16.41,16.41,-16.41,16.41,-27.11996321,-166.7118886
3.6,-30.01,-24.41,24.41,24.41,-16.41,16.41,-16.41,16.41,-27.19913405,-151.3205713
3.6,-75.01,-24.41,24.41,24.41,-131.41,16.41,-16.41,16.41,-27.37515665,-137.8652104
3.6,-60.01,-24.41,24.41,24.41,-131.41,16.41,-16.41,16.41,-26.69458684,-118.6955085
3.6,-45.01,-24.41,24.41,24.41,-131.41,16.41,-16.41,16.41,-27.14935339,-177.6405411
3.6,-30.01,-24.41,24.41,24.41,-131.41,16.41,-16.41,16.41,-27.69940596,-166.0791899
3.6,-24.41,-24.41,24.41,24.41,-131.41,16.41,-16.41,16.41,-26.15335805,-160.4255817
3.6,-75.01,-24.41,24.41,24.41,-116.41,16.41,-16.41,16.41,-27.48492249,-155.1565289
3.6,-60.01,-24.41,24.41,24.41,-116.41,16.41,-16.41,16.41,-25.57171253,-155.7141621
3.6,-45.01,-24.41,24.41,24.41,-116.41,16.41,-16.41,16.41,-27.40735786,-178.1340408
3.6,-30.01,-24.41,24.41,24.41,-116.41,16.41,-16.41,16.41,-26.56261243,-167.1766567
3.6,-24.41,-24.41,24.41,24.41,-116.41,16.41,-16.41,16.41,-26.9000787,-161.6460061
3.6,-75.01,-24.41,24.41,24.41,-101.41,16.41,-16.41,16.41,-27.36409973,-157.9080648
3.6,-60.01,-24.41,24.41,24.41,-101.41,16.41,-16.41,16.41,-27.7539916,-156.5105269
3.6,-45.01,-24.41,24.41,24.41,-101.41,16.41,-16.41,16.41,-27.45154873,-176.1226027
3.6,-30.01,-24.41,24.41,24.41,-101.41,16.41,-16.41,16.41,-26.17656763,-167.3165697
3.6,-24.41,-24.41,24.41,24.41,-101.41,16.41,-16.41,16.41,-27.71355709,-159.1406945
3.6,-75.01,-24.41,24.41,24.41,-86.41,16.41,-16.41,16.41,-26.52108245,-154.2819057
3.6,-60.01,-24.41,24.41,24.41,-86.41,16.41,-16.41,16.41,-27.11273374,-151.9305791
3.6,-45.01,-24.41,24.41,24.41,-86.41,16.41,-16.41,16.41,-27.34040833,-174.8130096
3.6,-30.01,-24.41,24.41,24.41,-86.41,16.41,-16.41,16.41,-26.77745269,-162.5076276
3.6,-24.41,-24.41,24.41,24.41,-86.41,16.41,-16.41,16.41,-27.63034144,-153.4801744
3.6,-75.01,-24.41,24.41,24.41,-71.41,16.41,-16.41,16.41,-28.39636229,-146.8544284
3.6,-60.01,-24.41,24.41,24.41,-71.41,16.41,-16.41,16.41,-26.56781803,-146.4010543
3.6,-45.01,-24.41,24.41,24.41,-71.41,16.41,-16.41,16.41,-27.51863334,-174.8413035
3.6,-30.01,-24.41,24.41,24.41,-71.41,16.41,-16.41,16.41,-27.55538915,-160.65056
3.6,-24.41,-24.41,24.41,24.41,-71.41,16.41,-16.41,16.41,-26.63465925,-154.0488601
3.6,-75.01,-24.41,24.41,24.41,-56.41,16.41,-16.41,16.41,-27.37423778,-147.3070016
3.6,-60.01,-24.41,24.41,24.41,-56.41,16.41,-16.41,16.41,-27.02805993,-145.4893642
3.6,-45.01,-24.41,24.41,24.41,-56.41,16.41,-16.41,16.41,-28.67493945,-170.8178655
3.6,-30.01,-24.41,24.41,24.41,-56.41,16.41,-16.41,16.41,-27.05396956,-160.0495933
3.6,-24.41,-24.41,24.41,24.41,-56.41,16.41,-16.41,16.41,-27.40054025,-151.3215179
3.6,-75.01,-24.41,24.41,24.41,-41.41,16.41,-16.41,16.41,-26.93672492,-143.4238383
3.6,-60.01,-24.41,24.41,24.41,-41.41,16.41,-16.41,16.41,-27.4879809,-139.9994879
3.6,-45.01,-24.41,24.41,24.41,-41.41,16.41,-16.41,16.41,-26.27759952,-170.5629158
3.6,-30.01,-24.41,24.41,24.41,-41.41,16.41,-16.41,16.41,-26.79658237,-156.4207879
3.6,-24.41,-24.41,24.41,24.41,-41.41,16.41,-16.41,16.41,-27.25237914,-145.3122735
3.6,-75.01,-24.41,24.41,24.41,-26.41,16.41,-16.41,16.41,-27.65775839,-135.4381817
3.6,-60.01,-24.41,24.41,24.41,-26.41,16.41,-16.41,16.41,-27.40930567,-132.3991304
3.6,-45.01,-24.41,24.41,24.41,-26.41,16.41,-16.41,16.41,-27.43297174,-168.1510763
3.6,-30.01,-24.41,24.41,24.41,-26.41,16.41,-16.41,16.41,-25.61035736,-154.8803559
3.65,-24.41,-75.01,24.41,24.41,-16.41,16.41,-16.41,16.41,-14.48701453,-186.2783671
3.65,-24.41,-75.01,24.41,24.41,-16.41,31.41,-16.41,16.41,-14.94385311,-184.1887823
3.65,-24.41,-75.01,24.41,24.41,-16.41,46.41,-16.41,16.41,-15.03955996,-182.6450986
3.65,-24.41,-75.01,24.41,24.41,-16.41,46.41,-16.41,16.41,-15.05886181,-183.0683831
3.65,-24.41,-75.01,24.41,24.41,-16.41,106.41,-16.41,16.41,-14.72322311,-184.0805348
3.65,-24.41,-75.01,24.41,24.41,-16.41,121.41,-16.41,16.41,-14.97048943,-183.6170875
3.65,-24.41,-75.01,24.41,24.41,-16.41,131.41,-16.41,16.41,-14.99628618,-185.3616217
3.65,-24.41,-60.01,24.41,24.41,-16.41,16.41,-16.41,16.41,-15.19443542,-189.1161046
3.65,-24.41,-60.01,24.41,24.41,-16.41,31.41,-16.41,16.41,-14.72169529,-192.3642869
3.65,-24.41,-60.01,24.41,24.41,-16.41,46.41,-16.41,16.41,-14.59404502,-170.9299596
3.65,-24.41,-60.01,24.41,24.41,-16.41,61.41,-16.41,16.41,-14.4799265,-171.9131632
3.65,-24.41,-60.01,24.41,24.41,-16.41,76.41,-16.41,16.41,-14.66983275,-172.6924344
3.65,-24.41,-60.01,24.41,24.41,-16.41,91.41,-16.41,16.41,-15.08497646,-172.557404
3.65,-24.41,-60.01,24.41,24.41,-16.41,106.41,-16.41,16.41,-14.92097737,-172.3611484
3.65,-24.41,-60.01,24.41,24.41,-16.41,121.41,-16.41,16.41,-14.77885193,-175.1464672
3.65,-24.41,-60.01,24.41,24.41,-16.41,131.41,-16.41,16.41,-14.44042468,-179.0897107
3.65,-24.41,-45.01,24.41,24.41,-16.41,16.41,-16.41,16.41,-15.07135399,-178.4712826
3.65,-24.41,-45.01,24.41,24.41,-16.41,31.41,-16.41,16.41,-14.807069,-181.7709295
3.65,-24.41,-45.01,24.41,24.41,-16.41,46.41,-16.41,16.41,-14.57328075,-156.7809427
3.65,-24.41,-45.01,24.41,24.41,-16.41,61.41,-16.41,16.41,-14.64594094,-161.2620277
3.65,-24.41,-45.01,24.41,24.41,-16.41,76.41,-16.41,16.41,-14.85994116,-163.5830543
3.65,-24.41,-45.01,24.41,24.41,-16.41,91.41,-16.41,16.41,-14.48714683,-167.6891634
3.65,-24.41,-45.01,24.41,24.41,-16.41,106.41,-16.41,16.41,-14.69557738,-166.6092997
3.65,-24.41,-45.01,24.41,24.41,-16.41,121.41,-16.41,16.41,-14.68212042,-168.8029332
3.65,-24.41,-45.01,24.41,24.41,-16.41,131.41,-16.41,16.41,-15.12240942,-173.1893884
3.65,-24.41,-30.01,24.41,24.41,-16.41,16.41,-16.41,16.41,-14.52640782,-175.4577923
3.65,-24.41,-30.01,24.41,24.41,-16.41,31.41,-16.41,16.41,-14.92491036,-175.2292909
3.65,-24.41,-30.01,24.41,24.41,-16.41,46.41,-16.41,16.41,-14.48947385,-137.8249824
3.65,-24.41,-30.01,24.41,24.41,-16.41,61.41,-16.41,16.41,-14.66100002,-152.8745224
3.65,-24.41,-30.01,24.41,24.41,-16.41,76.41,-16.41,16.41,-14.98452498,-155.5062104
3.65,-24.41,-30.01,24.41,24.41,-16.41,91.41,-16.41,16.41,-14.84165577,-161.1549478
3.65,-24.41,-30.01,24.41,24.41,-16.41,106.41,-16.41,16.41,-15.09115284,-161.369069
3.65,-24.41,-30.01,24.41,24.41,-16.41,121.41,-16.41,16.41,-15.00241326,-163.2695746
3.65,-24.41,-30.01,24.41,24.41,-16.41,131.41,-16.41,16.41,-14.61184042,-170.5917191
3.65,-24.41,-24.41,24.41,24.41,-16.41,16.41,-16.41,16.41,-14.8390664,-172.7355038
3.65,-24.41,-24.01,24.41,24.41,-16.41,16.41,-16.41,16.41,-14.77963728,-172.7095168
3.65,-24.41,-24.01,24.41,24.41,-16.41,31.41,-16.41,16.41,-15.47605682,-128.3884695
3.65,-24.41,-24.01,24.41,24.41,-16.41,46.41,-16.41,16.41,-14.33944509,-130.4270688
3.65,-24.41,-24.01,24.41,24.41,-16.41,61.41,-16.41,16.41,-14.50483716,-149.3936245
3.65,-24.41,-24.01,24.41,24.41,-16.41,76.41,-16.41,16.41,-14.75500447,-153.1008953
3.65,-24.41,-24.01,24.41,24.41,-16.41,91.41,-16.41,16.41,-14.73163318,-159.1797229
3.65,-24.41,-24.01,24.41,24.41,-16.41,106.41,-16.41,16.41,-14.84039891,-160.3789138
3.65,-24.41,-24.01,24.41,24.41,-16.41,121.41,-16.41,16.41,-14.58466319,-162.7393978
3.65,-24.41,-24.01,24.41,24.41,-16.41,131.41,-16.41,16.41,-14.97732835,-168.5648229
3.65,-24.41,-24.41,24.01,24.41,-16.41,16.41,-16.41,16.41,-14.77302857,-172.3852641
3.65,-24.41,-24.41,39.01,24.41,-16.41,16.41,-16.41,16.41,-14.89411597,-171.7525528
3.65,-24.41,-24.41,54.01,24.41,-16.41,16.41,-16.41,16.41,-14.92233053,-129.0451608
3.65,-24.41,-24.41,69.01,24.41,-16.41,16.41,-16.41,16.41,-14.72566849,-150.1524171
3.65,-24.41,-24.41,75.01,24.41,-16.41,16.41,-16.41,16.41,-14.89177615,-164.791856
3.65,-24.41,-24.41,24.01,24.41,-16.41,16.41,-131.41,16.41,-14.89882115,-177.4875556
3.65,-24.41,-24.41,39.01,24.41,-16.41,16.41,-131.41,16.41,-14.77523967,-183.3110816
3.65,-24.41,-24.41,54.01,24.41,-16.41,16.41,-131.41,16.41,-14.40352853,-170.4490477
3.65,-24.41,-24.41,69.01,24.41,-16.41,16.41,-131.41,16.41,-14.48115927,-172.4346513
3.65,-24.41,-24.41,75.01,24.41,-16.41,16.41,-131.41,16.41,-14.50617651,-176.259916
3.65,-24.41,-24.41,24.01,24.41,-16.41,16.41,-116.41,16.41,-14.90949004,-181.8788518
3.65,-24.41,-24.41,39.01,24.41,-16.41,16.41,-116.41,16.41,-13.94386029,-187.4645571
3.65,-24.41,-24.41,54.01,24.41,-16.41,16.41,-116.41,16.41,-15.28533944,-170.4312965
3.65,-24.41,-24.41,69.01,24.41,-16.41,16.41,-116.41,16.41,-14.92237351,-173.3481349
3.65,-24.41,-24.41,75.01,24.41,-16.41,16.41,-116.41,16.41,-14.62831979,-176.6267721
3.65,-24.41,-24.41,24.01,24.41,-16.41,16.41,-101.41,16.41,-14.90713246,-180.703985
3.65,-24.41,-24.41,39.01,24.41,-16.41,16.41,-101.41,16.41,-14.94087802,-183.8064241
3.65,-24.41,-24.41,54.01,24.41,-16.41,16.41,-101.41,16.41,-14.86139919,-166.0299626
3.65,-24.41,-24.41,69.01,24.41,-16.41,16.41,-101.41,16.41,-14.66515246,-170.5497042
3.65,-24.41,-24.41,75.01,24.41,-16.41,16.41,-101.41,16.41,-14.85358923,-175.2960731
3.65,-24.41,-24.41,24.01,24.41,-16.41,16.41,-86.41,16.41,-14.78018841,-180.8208261
3.65,-24.41,-24.41,39.01,24.41,-16.41,16.41,-86.41,16.41,-14.51016072,-184.1160318
3.65,-24.41,-24.41,54.01,24.41,-16.41,16.41,-86.41,16.41,-14.35747869,-160.9505187
3.65,-24.41,-24.41,69.01,24.41,-16.41,16.41,-86.41,16.41,-14.67852806,-164.306388
3.65,-24.41,-24.41,75.01,24.41,-16.41,16.41,-86.41,16.41,-14.81797871,-169.8770321
3.65,-24.41,-24.41,24.01,24.41,-16.41,16.41,-71.41,16.41,-14.6681759,-178.000486
3.65,-24.41,-24.41,39.01,24.41,-16.41,16.41,-71.41,16.41,-15.07397788,-180.6217953
3.65,-24.41,-24.41,54.01,24.41,-16.41,16.41,-71.41,16.41,-15.00832781,-158.9411886
3.65,-24.41,-24.41,69.01,24.41,-16.41,16.41,-71.41,16.41,-15.02364412,-163.5009616
3.65,-24.41,-24.41,75.01,24.41,-16.41,16.41,-71.41,16.41,-14.65882885,-169.5427868
3.65,-24.41,-24.41,24.01,24.41,-16.41,16.41,-56.41,16.41,-14.99113827,-176.5015122
3.65,-24.41,-24.41,39.01,24.41,-16.41,16.41,-56.41,16.41,-14.65361625,-181.4026377
3.65,-24.41,-24.41,54.01,24.41,-16.41,16.41,-56.41,16.41,-15.01431939,-155.8751644
3.65,-24.41,-24.41,69.01,24.41,-16.41,16.41,-56.41,16.41,-14.95419563,-163.1121491
3.65,-24.41,-24.41,75.01,24.41,-16.41,16.41,-56.41,16.41,-14.58151404,-171.3343281
3.65,-24.41,-24.41,24.01,24.41,-16.41,16.41,-41.41,16.41,-14.59645347,-179.1223433
3.65,-24.41,-24.41,39.01,24.41,-16.41,16.41,-41.41,16.41,-14.86625086,-182.4835747
3.65,-24.41,-24.41,54.01,24.41,-16.41,16.41,-41.41,16.41,-15.10045898,-148.2811294
3.65,-24.41,-24.41,69.01,24.41,-16.41,16.41,-41.41,16.41,-14.56405992,-157.9311603
3.65,-24.41,-24.41,75.01,24.41,-16.41,16.41,-41.41,16.41,-14.67515429,-167.7081158
3.65,-24.41,-24.41,24.01,24.41,-16.41,16.41,-26.41,16.41,-14.87836902,-177.7540496
3.65,-24.41,-24.41,39.01,24.41,-16.41,16.41,-26.41,16.41,-14.90464463,-182.1536506
3.65,-24.41,-24.41,54.01,24.41,-16.41,16.41,-26.41,16.41,-13.96130879,-146.8637108
3.65,-24.41,-24.41,69.01,24.41,-16.41,16.41,-26.41,16.41,-14.77393549,-155.8180163
3.65,-24.41,-24.41,75.01,24.41,-16.41,16.41,-26.41,16.41,-14.74376372,-166.1243149
3.65,-24.41,-24.41,24.41,39.41,-16.41,16.41,-16.41,16.41,-14.84776404,-177.4112472
3.65,-24.41,-24.41,24.41,54.41,-16.41,16.41,-16.41,16.41,-14.97072615,-182.5282448
3.65,-24.41,-24.41,24.41,69.41,-16.41,16.41,-16.41,16.41,-14.56438733,-151.201487
3.65,-24.41,-24.41,24.41,75.01,-16.41,16.41,-16.41,16.41,-14.81835032,-165.8050369
3.65,-24.41,-24.41,24.41,24.41,-16.41,16.41,-16.41,31.41,-14.66961924,-179.6142774
3.65,-24.41,-24.41,24.41,39.41,-16.41,16.41,-16.41,31.41,-14.84249178,-184.9262477
3.65,-24.41,-24.41,24.41,54.41,-16.41,16.41,-16.41,31.41,-14.54271371,-148.4606733
3.65,-24.41,-24.41,24.41,69.41,-16.41,16.41,-16.41,31.41,-14.83213113,-158.6237268
3.65,-24.41,-24.41,24.41,75.01,-16.41,16.41,-16.41,31.41,-14.42467774,-169.8464817
3.65,-24.41,-24.41,24.41,24.41,-16.41,16.41,-16.41,46.41,-14.66129013,-181.2840685
3.65,-24.41,-24.41,24.41,39.41,-16.41,16.41,-16.41,46.41,-14.93964822,-185.925442
3.65,-24.41,-24.41,24.41,54.41,-16.41,16.41,-16.41,46.41,-14.8266614,-152.3894682
3.65,-24.41,-24.41,24.41,69.41,-16.41,16.41,-16.41,46.41,-14.92603142,-161.8037558
3.65,-24.41,-24.41,24.41,75.01,-16.41,16.41,-16.41,46.41,-15.12217396,-171.4065538
3.65,-24.41,-24.41,24.41,24.41,-16.41,16.41,-16.41,61.41,-14.33309786,-184.1658137
3.65,-24.41,-24.41,24.41,39.41,-16.41,16.41,-16.41,61.41,-14.92687784,-187.5137068
3.65,-24.41,-24.41,24.41,54.41,-16.41,16.41,-16.41,61.41,-14.17242139,-161.4611511
3.65,-24.41,-24.41,24.41,69.41,-16.41,16.41,-16.41,61.41,-15.0168872,-168.1171668
3.65,-24.41,-24.41,24.41,75.01,-16.41,16.41,-16.41,61.41,-15.144891,-175.6373272
3.65,-24.41,-24.41,24.41,24.41,-16.41,16.41,-16.41,76.41,-14.90602798,-184.8788543
3.65,-24.41,-24.41,24.41,39.41,-16.41,16.41,-16.41,76.41,-15.08713404,-189.0815922
3.65,-24.41,-24.41,24.41,54.41,-16.41,16.41,-16.41,76.41,-15.01884594,-162.8139062
3.65,-24.41,-24.41,24.41,69.41,-16.41,16.41,-16.41,76.41,-14.94099563,-169.2820475
3.65,-24.41,-24.41,24.41,75.01,-16.41,16.41,-16.41,76.41,-15.02643829,-175.5594
3.65,-24.41,-24.41,24.41,24.41,-16.41,16.41,-16.41,91.41,-14.67835649,-185.21972
3.65,-24.41,-24.41,24.41,39.41,-16.41,16.41,-16.41,91.41,-14.86849399,-189.6984357
3.65,-24.41,-24.41,24.41,54.41,-16.41,16.41,-16.41,91.41,-14.72373378,-164.7754704
3.65,-24.41,-24.41,24.41,69.41,-16.41,16.41,-16.41,91.41,-14.53483114,-170.8719128
3.65,-24.41,-24.41,24.41,75.01,-16.41,16.41,-16.41,91.41,-14.56111218,-177.5946744
3.65,-24.41,-24.41,24.41,24.41,-16.41,16.41,-16.41,106.41,-14.8689728,-185.6721693
3.65,-24.41,-24.41,24.41,39.41,-16.41,16.41,-16.41,106.41,-14.2847492,-191.6347041
3.65,-24.41,-24.41,24.41,54.41,-16.41,16.41,-16.41,106.41,-15.01171164,-170.7339543
3.65,-24.41,-24.41,24.41,69.41,-16.41,16.41,-16.41,106.41,-14.9282026,-175.952689
3.65,-24.41,-24.41,24.41,75.01,-16.41,16.41,-16.41,106.41,-14.67783397,-182.2036426
3.65,-24.41,-24.41,24.41,24.41,-16.41,16.41,-16.41,121.41,-14.83900627,-188.895231
3.65,-24.41,-24.41,24.41,39.41,-16.41,16.41,-16.41,121.41,-14.55234577,-193.248152
3.65,-24.41,-24.41,24.41,54.41,-16.41,16.41,-16.41,121.41,-14.99886707,-174.316552
3.65,-24.41,-24.41,24.41,69.41,-16.41,16.41,-16.41,121.41,-14.2807275,-179.1228684
3.65,-24.41,-24.41,24.41,75.01,-16.41,16.41,-16.41,121.41,-15.18240504,-180.8037353
3.65,-24.41,-24.41,24.41,24.41,-16.41,16.41,-16.41,131.41,-14.8630213,-188.4027396
3.65,-24.41,-24.41,24.41,39.41,-16.41,16.41,-16.41,131.41,-14.69970534,-193.0495875
3.65,-24.41,-24.41,24.41,54.41,-16.41,16.41,-16.41,131.41,-14.52429266,-174.4710834
3.65,-24.41,-24.41,24.41,69.41,-16.41,16.41,-16.41,131.41,-14.8769934,-176.6717693
3.65,-24.41,-24.41,24.41,75.01,-16.41,16.41,-16.41,131.41,-14.56354878,-182.2080103
3.65,-75.01,-24.41,24.41,24.41,-16.41,16.41,-16.41,16.41,-14.68550989,-189.4044941
3.65,-60.01,-24.41,24.41,24.41,-16.41,16.41,-16.41,16.41,-14.85327295,-192.9288559
3.65,-45.01,-24.41,24.41,24.41,-16.41,16.41,-16.41,16.41,-14.82991285,-186.9404373
3.65,-30.01,-24.41,24.41,24.41,-16.41,16.41,-16.41,16.41,-14.87269911,-171.6325273
3.65,-75.01,-24.41,24.41,24.41,-131.41,16.41,-16.41,16.41,-14.88426681,-158.6794537
3.65,-60.01,-24.41,24.41,24.41,-131.41,16.41,-16.41,16.41,-14.38555354,-140.0460447
3.65,-45.01,-24.41,24.41,24.41,-131.41,16.41,-16.41,16.41,-14.73663392,-198.2303596
3.65,-30.01,-24.41,24.41,24.41,-131.41,16.41,-16.41,16.41,-14.91488497,-186.3206297
3.65,-24.41,-24.41,24.41,24.41,-131.41,16.41,-16.41,16.41,-14.33591245,-180.4131692
3.65,-75.01,-24.41,24.41,24.41,-116.41,16.41,-16.41,16.41,-14.83799733,-174.7599304
3.65,-60.01,-24.41,24.41,24.41,-116.41,16.41,-16.41,16.41,-14.06962223,-175.3874371
3.65,-45.01,-24.41,24.41,24.41,-116.41,16.41,-16.41,16.41,-14.97720297,-198.4310331
3.65,-30.01,-24.41,24.41,24.41,-116.41,16.41,-16.41,16.41,-14.63682043,-187.437733
3.65,-24.41,-24.41,24.41,24.41,-116.41,16.41,-16.41,16.41,-14.78845827,-181.6807022
3.65,-75.01,-24.41,24.41,24.41,-101.41,16.41,-16.41,16.41,-14.96460267,-177.6777631
3.65,-60.01,-24.41,24.41,24.41,-101.41,16.41,-16.41,16.41,-15.10032167,-176.1412051
3.65,-45.01,-24.41,24.41,24.41,-101.41,16.41,-16.41,16.41,-14.93145451,-197.7500941
3.65,-30.01,-24.41,24.41,24.41,-101.41,16.41,-16.41,16.41,-14.44696536,-188.7024439
3.65,-24.41,-24.41,24.41,24.41,-101.41,16.41,-16.41,16.41,-15.01903125,-179.9817696
3.65,-75.01,-24.41,24.41,24.41,-86.41,16.41,-16.41,16.41,-14.5703214,-174.5118519
3.65,-60.01,-24.41,24.41,24.41,-86.41,16.41,-16.41,16.41,-14.80119007,-171.8537029
3.65,-45.01,-24.41,24.41,24.41,-86.41,16.41,-16.41,16.41,-14.95663439,-196.9367856
3.65,-30.01,-24.41,24.41,24.41,-86.41,16.41,-16.41,16.41,-14.6805547,-183.8864157
3.65,-24.41,-24.41,24.41,24.41,-86.41,16.41,-16.41,16.41,-15.02074521,-174.1727655
3.65,-75.01,-24.41,24.41,24.41,-71.41,16.41,-16.41,16.41,-15.32193578,-166.8589164
3.65,-60.01,-24.41,24.41,24.41,-71.41,16.41,-16.41,16.41,-14.61704025,-166.3320641
3.65,-45.01,-24.41,24.41,24.41,-71.41,16.41,-16.41,16.41,-14.9719605,-197.5433056
3.65,-30.01,-24.41,24.41,24.41,-71.41,16.41,-16.41,16.41,-15.01974405,-182.2997654
3.65,-24.41,-24.41,24.41,24.41,-71.41,16.41,-16.41,16.41,-14.67167315,-175.6775049
3.65,-75.01,-24.41,24.41,24.41,-56.41,16.41,-16.41,16.41,-14.95062233,-168.351177
3.65,-60.01,-24.41,24.41,24.41,-56.41,16.41,-16.41,16.41,-14.82765046,-166.2470854
3.65,-45.01,-24.41,24.41,24.41,-56.41,16.41,-16.41,16.41,-15.43088655,-193.1592907
3.65,-30.01,-24.41,24.41,24.41,-56.41,16.41,-16.41,16.41,-14.79732589,-182.3208867
3.65,-24.41,-24.41,24.41,24.41,-56.41,16.41,-16.41,16.41,-14.9547229,-173.3507247
3.65,-75.01,-24.41,24.41,24.41,-41.41,16.41,-16.41,16.41,-14.74794291,-164.2838545
3.65,-60.01,-24.41,24.41,24.41,-41.41,16.41,-16.41,16.41,-14.96335814,-160.3087721
3.65,-45.01,-24.41,24.41,24.41,-41.41,16.41,-16.41,16.41,-14.52164689,-193.2779232
3.65,-30.01,-24.41,24.41,24.41,-41.41,16.41,-16.41,16.41,-14.68202765,-178.4620783
3.65,-24.41,-24.41,24.41,24.41,-41.41,16.41,-16.41,16.41,-14.8599356,-166.7126104
3.65,-75.01,-24.41,24.41,24.41,-26.41,16.41,-16.41,16.41,-15.02183447,-155.5885825
3.65,-60.01,-24.41,24.41,24.41,-26.41,16.41,-16.41,16.41,-14.92038674,-152.1467367
3.65,-45.01,-24.41,24.41,24.41,-26.41,16.41,-16.41,16.41,-14.93320401,-190.0029026
3.65,-30.01,-24.41,24.41,24.41,-26.41,16.41,-16.41,16.41,-14.21699284,-176.5444346